Learn More ‚Äî When Will A COVID-19 Vaccine Be Ready? A vaccine might be our best chance of stopping the virus ‚Äî find out why and when one could be available. #COVID19 #coronavirus #Vaccine https://www.globalcitizen.org/en/action/quiz-when-will-a-vaccine-for-covid19-be-available/?utm_source=Iterable&amp;utm_medium=email&amp;utm_campaign=US_Apr_23_2020_COVID19_ActionDigest
"The Trump administration's response to the coronavirus pandemic has been horrible beyond words. Nearly 60,000 dead and over 1 million infected. No cohesive federal program. Abysmal per capita testing. This needs to be investigated so that this NEVER happens again."
Ok people keep saying it! Yet still this #Johnson government keeps saying it's doing a great job... #coronavirus 
What a Fing sham this is. Everyone should read the article on http://Foxnews.com about how the The hospitals are getting paid extra to mark all the deaths as a corona virus death even if they died from something else. This Virus is all lies. to start a NWO
Yeah wore a mask the whole time pq corona virus (cardi b voice). Beautiful views though fr
I don‚Äôt remember how to talk and socialize because of the Coronavirus
'You can't ask people to die': Coronavirus woes deepen Argentina's crisis 
Coronavirus: Bill Gates ‚Äòmicrochip‚Äô conspiracy theory and other vaccine claims fact-checked 
Coronavirus: Belgian zoo comes back to life from lockdown 
Coronavirus: Trump terminates US relationship with WHO 
Coronavirus: India to loosen lockdown despite record cases 
#BREAKING WHO declares international emergency over coronavirus 
"I think its a little TOO LATE for that! She got in the country, toured & even went social already. Now everybody is paranoid. The government just placed the lives of every Filipino in jeopardy! First priority is health and safety of the citizens. WTF! #coronavirus #coronavirusPH"
"#GaanoKaKapraning ba kamo? Bought alcohol, sanitizers and a dozen face mask to battle against #MorningRush and #coronavirus. Its not just paranoia. This this is just insane!"
"PM finally decides while meeting ScoMo to show some backbone. Yet showed none when it came to her ministers using privilege, the sex assault cover ups, the donation dramas, the non delivery promises. and Covid19 Only now they realise they could lose do they start to do something."
"I bought #Pandemic by Robin Cook just yesterday (wanted to indulge in nostalgia of  Robin Cook & his style). 
And now I feel like it was some divine literary intervention. 

""WHO issues warning after 'mysterious' Chinese coronavirus spreads to Japan""  https://twitter.com/i/events/1217928133917044736¬†‚Ä¶"
#BREAKING WHO declares international emergency over coronavirus pic.twitter.com/NkQOueimHL
"#ABC_challenge 

Here is a double whammy if you buy stuff made in #China

Mask made in China can cause cancer! Just when you need them with their other export #coronavirus or #wuhanvirushttp://www.epochtimes.com/b5/19/2/12/n11039236.htm?fbclid=IwAR3ynBLQx5M-k0VumCA1EdJCoCqpjWjqBi4x5ZLvl2u3kFAMwf2X-z4bLnc¬†‚Ä¶"
Chinese city of Wuhan on lockdown as coronavirus death toll doubles and disease continues to spread https://www.independent.co.uk/news/world/asia/china-coronavirus-wuhan-travel-warning-advice-death-toll-symptoms-a9295956.html¬†‚Ä¶
oh yeah there is this thing called #coronavirus what is does is that it kills people :D :D :D
"Coronavirus: 100,000 may already be infected, experts warn | Science | The Guardian https://www.theguardian.com/science/2020/jan/26/coronavirus-could-infect-100000-globally-experts-warn¬†‚Ä¶"
Corona virus is a grouping as was SARS a corona virus. It comes in a variety of forms plus it‚Äôs not new. But it‚Äôs new in humans
"Se muri√≥ Kobe y se olvidaron del Coronavirus. That's how the world works, honey."
First Wuhan coronavirus death reported outside China - CNN https://www.cnn.com/2020/02/02/asia/wuhan-coronavirus-philippines-intl-hnk/index.html¬†‚Ä¶
Bitcoin Price Pumps On Coronavirus Crisis! #Bitcoin @Bitcoinhttps://youtu.be/G8WcwRa5iEs¬†
This is getting exponential now? #coronavirus https://twitter.com/QuickTake/status/1228103905118216192¬†‚Ä¶
"Time running out to stop global spread of coronavirus, World Health Organisation warns https://www.independent.co.uk/news/health/coronavirus-latest-who-spread-iran-lebanon-death-toll-china-wuhan-a9351936.html¬†‚Ä¶"
This coronavirus stuff is getting wild
RT @ScottGottliebMD: This is a critical milestone. Two therapeutic antibodies are now in the clinic with more on the way. These drugs can b‚Ä¶
RT @SAfridiOfficial: I‚Äôve been feeling unwell since Thursday; my body had been aching badly. I‚Äôve been tested and unfortunately I‚Äôm covid p‚Ä¶
"RT @pragya_bhushan: Dear Govt. Please convert JNU into #COVID19 treatment facility.  

5000 bed hospital can be quickly setup there &amp; it is‚Ä¶"
"RT @murtazawahab1: In #Sindh, 1616 people have recovered from #COVID19 over the last 24 hours. The high recovery shows that corona can be t‚Ä¶"
RT @SAfridiOfficial: I‚Äôve been feeling unwell since Thursday; my body had been aching badly. I‚Äôve been tested and unfortunately I‚Äôm covid p‚Ä¶
Get well soon lala üôè
finally
RT @muralwrites: The TN govt is unable to enforce public wearing mask. So what covid management are we speaking of. Cops stand by as ppl me‚Ä¶
"With or without lockdown, life must go on. There is no reason to slow down. Locking up and sleeping is not an option. 

#covid19"
"RT @priyadamini24: #Thread üßµ 

As India‚Äôs #COVID19 tally inches towards the 3 lakh mark, here is a thread of IMPORTANT CRUCIAL THINGS THE G‚Ä¶"
RT @SAfridiOfficial: I‚Äôve been feeling unwell since Thursday; my body had been aching badly. I‚Äôve been tested and unfortunately I‚Äôm covid p‚Ä¶
RT @SAfridiOfficial: I‚Äôve been feeling unwell since Thursday; my body had been aching badly. I‚Äôve been tested and unfortunately I‚Äôm covid p‚Ä¶
"RT @GrandmaSaidNo: Never forget that the US federal government is responsible for the high COVID-19 death toll on our Nation. 

The magnitu‚Ä¶"
Our last work about #COVID19 and #SpaceandGlobalHealth was very well received by a #WG of the #UN! Feeling over the‚Ä¶ https://t.co/RVOeyZhkpi
RT @DeccanHerald: #COVID19 | Do you believe the government's stance that there is no community transmission in the country?
"I wish all of this turns out to be true.
But it won't. Wait for epic fail &amp; another disappointment."
"RT @VANurse1212: ‚û°Ô∏è Covid Poll 

üîÑ Please RT After Voting For a Better Illustration

‚û°Ô∏è Did Anyone You Personally Know Test Positive For #C‚Ä¶"
"Hope this is true. If at all it is true, it can put India on the map of the world..."
RT @ShaunLintern: Care watchdog warns of risk to learning disabled people as deaths double during #COVID19 pandemic https://t.co/jq2MH5Kena
RT @hfz_garcia: Cancel Phase 1. Go back to normal Circuit Breaker where everyone just can't go out and saman here and there. You see... SGe‚Ä¶
Coronavirus in Tulsa. Now I have to start washing my hands for the first time ever I guess :///
"If you search ‚Äúcorona virus mutation‚Äù you‚Äôll see it already has mutated, which is what the article was talking about."
"@StevePieczenik You were right about the Corona virus, and everybody gave you crap about it, I'm sorry about that Steve, everybody is over hyping this and Mikes Adams (Health Ranger) was totally wrong. The danger about this virus is the hype and the impact it has on the economy!"
Your kind? Lol. Your kind.  you‚Äôre sitting here spreading fear. When it‚Äôs really not serious. Give it another month or two and you won‚Äôt even hear of the corona virus anymore sweetheart.
"https://www.congress.gov/bill/116th-congress/house-bill/6201/text?q=¬†‚Ä¶{""search""%3A[""Families+First+5+Coronavirus+Response+Act""]}&r=1&s=5
What is the unneeded things here?"
"ight delivery tho.. you know, bc the coronavirus is out there "
But at the same time Australia declares biosecurity emergency over coronavirus.
Sindh govt badly needs a help from world organization to win this war against coronavirus. Can media also help Sindh govt in this regard?
Dog is at high risk of getting coronavirus
Dog is at high risk of getting coronavirus
"ight delivery tho.. you know, bc the coronavirus is out there "
But at the same time Australia declares biosecurity emergency over coronavirus.
Sindh govt badly needs a help from world organization to win this war against coronavirus. Can media also help Sindh govt in this regard?
