"A vaccine against #COVID19 could save millions of lives. @winstonpeters @jacindaardern, will New Zealand step up and pledge new money so @CEPIvaccines can fund an urgent vaccine and help eliminate coronavirus across the globe?"
Guarda â€œBlood Industry Joins Together During Coronavirus Challengesâ€ su YouTube 
"#covid19 #coronavirus #prestiti #finanziamenti @Rome, Italy https://www.instagram.com/p/CA0vXIsoFrm/?igshid=16zc0aqki3dsi"
First two #coronavirus cases confirmed in #Italy @elvirapollina @Reuters https://reut.rs/37JYREC
2 cases in Rome of Coronavirus. Now I'm really really worried.
#COVID19 WORLD ALERT
Bill Gates â€˜predictedâ€™ Chinese coronavirus a year ago with simulation saying 33 MILLION could die in first six months â€“ The Sun https://trends.gab.com/item/5e2ec4f39c2d7406bf797e0cÂ â€¦ di @getongab
"Seems like... 
#coronavirus pic.twitter.com/0QyC3vplWq"
"
Leggete gente, leggete.
#CoronaVirus https://twitter.com/valigiablu/status/1231607484361650179Â â€¦"
"RT @WHOWPRO: No soap? No running water? 

Handwashing is still possible! 

#COVID19 https://t.co/QT4jnub8VQ"
shippeo â˜ºï¸
RT @MileyCyrus: ItalyğŸ‡®ğŸ‡¹ and the world united in solidarity with Black Lives Matter in the US. We must stay united to tackle #COVID19 and itâ€¦
"#Kuwaiti Minister of Awqaf &amp; Islamic Affairs ğŸ‡°ğŸ‡¼, Fahad Al Afasi, announced the reopening of #mosques in model residâ€¦ https://t.co/AwinmP2eVn"
RT @MileyCyrus: ItalyğŸ‡®ğŸ‡¹ and the world united in solidarity with Black Lives Matter in the US. We must stay united to tackle #COVID19 and itâ€¦
RT @MileyCyrus: ItalyğŸ‡®ğŸ‡¹ and the world united in solidarity with Black Lives Matter in the US. We must stay united to tackle #COVID19 and itâ€¦
"RT @YoungMedVoices: What impact is #COVID19 having on youth policies and institutions? On 16 June, #YoungMedVoices &amp; European Parliament'sâ€¦"
"RT @PlanetWatchsas: Because of the COVID-19 lockdown, we were able to breathe cleaner
air ğŸƒ now when things are going back to normal the plâ€¦"
RT @MileyCyrus: ItalyğŸ‡®ğŸ‡¹ and the world united in solidarity with Black Lives Matter in the US. We must stay united to tackle #COVID19 and itâ€¦
RT @ItalyUN_NY: International cooperation is the only choice. The multilateral system should be protected and reformed. Alliance for anti-#â€¦
RT @MileyCyrus: ItalyğŸ‡®ğŸ‡¹ and the world united in solidarity with Black Lives Matter in the US. We must stay united to tackle #COVID19 and itâ€¦
RT @MileyCyrus: ItalyğŸ‡®ğŸ‡¹ and the world united in solidarity with Black Lives Matter in the US. We must stay united to tackle #COVID19 and itâ€¦
"RT @Saudi_Gazette: #BREAKING: #SaudiArabia confirms 1519 new #coronavirus recoveries, bringing the total to 82,548

@SaudiMOH
#COVID19 httpâ€¦"
"The United States, is a country of the first world..
The country that can fight two world wars at the same time..
Bâ€¦ https://t.co/3xaGtUYH0v"
RT @MileyCyrus: ItalyğŸ‡®ğŸ‡¹ and the world united in solidarity with Black Lives Matter in the US. We must stay united to tackle #COVID19 and itâ€¦
"RT @JPIAMR: Register now!
Panellists: Rafael Canton, Adam Roberts, Birgitta Henriques Normark, Neil Clancy, George Haringhuizen and Benedikâ€¦"
So the Italian government is basically locking down 60million people while the UK government is advising people to 'take it on the chin' and the American government thinks its 'fake news'. #coronavirus.
Berlin acts to stop US poaching German coronavirus vaccine company https://www.ft.com/content/cf7ec42a-66bb-11ea-800d-da70cff6e4d3?segmentid=acee4131-99c2-09d3-a635-873e61754ec6Â â€¦
Berlin acts to stop US poaching German coronavirus vaccine company https://www.ft.com/content/cf7ec42a-66bb-11ea-800d-da70cff6e4d3?segmentid=acee4131-99c2-09d3-a635-873e61754ec6Â â€¦
