"#CyberpunkisNow The side of a building in China projects the message ""Wear a Mask"", presumably due to the Coronavirus/Wuhan Pneumonia outbreak, posted by Reddit user Traumlore. https://www.reddit.com/r/UrbanHell/comments/ew3hn0/building_in_china_says_wear_a_mask_due_to_virus/"
"#CyberpunkisNow A Mcdonald's delivery person in China dressed in pieced together/DIY personal protective gear, presumably due to concerns surrounding Coronavirus. Posted by Reddit user Khysamgathys. "
"#CyberpunkisNow The side of a building in China projects the message ""Wear a Mask"", presumably due to the Coronavirus/Wuhan Pneumonia outbreak, posted by Reddit user Traumlore.

https://www.reddit.com/r/UrbanHell/comments/ew3hn0/building_in_china_says_wear_a_mask_due_to_virus/ …pic.twitter.com/C19b3czum1"
"#CyberpunkisNow Coronavirus makes me even more concerned about the possible consequences of pig + human chimera & monkey + human chimera experimentation in China & other nations.

https://www.livescience.com/first-monkey-pig-chimeras-born-in-china.html …
https://www.theguardian.com/technology/2019/aug/11/the-five-chimeras-human-monkey-hybrid-genetic …

Image: 4-week-old pig embryo with human stem cellspic.twitter.com/C3e652R3kT"
