"Top story: U.S. Coronavirus Death Toll Is Far Higher Than Reported, C.D.C. Data Suggests http://www.nytimes.com/interactive/2020/04/28/us/coronavirus-death-toll-total.html, see more http://tweetedtimes.com/Myfaceclinic?s=tnp"
Hollywood‚Äôs Great Depression: Meet the Entertainment Workers Left Jobless by the Coronavirus Pandemic https://variety.com/2020/biz/features/hollywood-coronavirus-entertainment-industry-unemployment-jobs-1234592106/ via @variety
"I'll write you a proper email tomorrow, but I'd like to take this opportunity to give you a little head's up: you guys are awesome. I'm wishing really hard for that coronavirus situation to be over so we can all get drunk together soon!"
Coronavirus government response updates: Trump rejects a new normal: 'This is going away' World status - 
"Top story: U.S. Coronavirus Death Toll Is Far Higher Than Reported, C.D.C. Data Suggests http://www.nytimes.com/interactive/2020/04/28/us/coronavirus-death-toll-total.html, see more http://tweetedtimes.com/sti_securite?s=tnp"
"Coronavirus US live: Jared Kushner calls America's response 'a great success story' | World news | The Guardian https://www.theguardian.com/world/live/2020/apr/29/coronavirus-us-economy-covid-19-donald-trump-live, see more http://tweetedtimes.com/AIfr439?s=tnp"
Oops. This suggests @MattHancock is a liar and @Peston is a dick. Probably right on both counts. #coronavirus 
 US says remdesivir shows 'clear-cut' effect in treating coronavirus https://f24.my/6Qug.t
Who is behind the coronavirus social distancing protests? http://news.yahoo.com/groups-behind-coronavirus-social-distancing-protests-explainer-165437569.html?soc_src=community&amp;soc_trk=tw via @YahooNews
"Dr Babafemi Taiwo, Leading the Team on Coronavirus ""Remdesivir"" drugs. "
#coronavirus . Interesting 
US says remdesivir shows 'clear-cut' effect in treating coronavirus 
Few of the #Homeopathicmedicines that can be useful in treatment of #SARS-#CoV-2 infection also called 2019 novel coronavirus infection are listed below. #COVID19Pandemic ACONITUM NAPELLUS BELLADONA ARSENICUM ALBUM...
The race for coronavirus vaccines: a graphical guide https://www.nature.com/articles/d41586-020-01221-y
Big commercial labs given priority for coronavirus testing equipment by feds https://www.cnn.com/2020/04/28/politics/testing-coronavirus-hospitals-commercial-labs-invs/index.html
SIGN: Stop Boiling Black Cats into Paste as Coronavirus 
"¬´ Firmly and calmly, the UK is leading Europe in the death toll of coronavirus ¬ª Fixed it for you, @asabenn"
BBC News - Coronavirus: Influencers' glossy lifestyles lose their shine 
#UPDATE News of a #COVID19 medical breakthrough was enough to propel a rebound on Wall Street even after data showed the novel #coronavirus pandemic had plunged the United States into its worst economic slump in a decade http://u.afp.com/3fSg
How #China is ruthlessly exploiting the coronavirus pandemic it helped cause https://www.vox.com/2020/4/28/21234598/coronavirus-china-xi-jinping-foreign-policy #ChinaLies #LaChineMent
Doctors are testing whether #estrogen could help men fight #COVID-19 | Live Science #hormones #COVID__19 #coronavirus #COVID19
Camus on the #Coronavirus from @nytimes
"Villegly traders protect themselves (Finding #Languedoc). Coronavirus. In addition to barrier gestures, traders have equipped themselves. #Aude #Occitanie #France Villegly traders protect themselves (Finding #Languedoc). Coronavirus. In addition to bar... "
"First you said the ""the coronavirus panic is dumb"" and it wasn't then you predicted there will be close to 0 new cases in the US by the end of April and there are 21 thousand and now this. Why are you doing this, Elon?"
"Daily update on comparative progression of the corona virus ‚Äîdaily death tolls, rolling average‚Äî in various countries from @jburnmurdoch"
Ubergizmo-FR : iOS 13.5 Makes It Easier To Unlock An iPhone While Wearing A Mask #Apple #Cellphones #coronavirus #COVID19 #FaceID #iOS #iOS13 #Security
"Virus Likely to Keep Coming Back Each Year, Say Top Chinese Scientists. #Sars2 coronavirus is transmitted by asymptomatic (or presymptomatic) infected - and not enough sensitive to heat. Won't be contained like Sars. #CoViD19"
"Can #AirBnB survive #Coronavirus? The effects of the pandemic are shaking the basis of #AirBnB. After upsetting city life, the danger of the virus in the city threatens its future."
one of the coronavirus symptoms is lack of taste. get yourself checked out
"#UPDATE US and European stocks advanced after Gilead Sciences said that #remdesivir, one of the most highly anticipated drugs being tested for use against the novel #coronavirus, showed positive results in a large-scale US government trial http://u.afp.com/3fiM"
"I created meme material, have fun with captions! #billgates #BillGates #BillGatesBioTerrorist #vaccination #DepopulationAgenda #Vaccin #vaccins #vaccines #vaccine #VaccinesAreNotTheAnswer #COVID__19 #coronavirus #Coronavid19 #Coronavirustruth #Thanos"
"I created meme material, have fun with captions! #billgates #BillGates #BillGatesBioTerrorist #vaccination #DepopulationAgenda #Vaccin #vaccins #vaccines #vaccine #VaccinesAreNotTheAnswer #COVID__19 #coronavirus #Coronavid19 #Coronavirustruth #Thanos"
"IRGC Brigadier Abolfazl Shekarchi, senior spokesman for armed forces, said 3,600 people have been arrested in #Iran for spreading‚Äúrumors regarding #coronavirus pandemic.‚Äù What are mullahs hiding? Victims in 306 cities has exceeded 37,200 #MEK announced today Clip Tehran April 22"
Why are more men dying from #COVID-19? | Live Science #coronavirus #COVID__19 #Covid19 #hormones
Interesting analysis on the #COVID__19 deaths from #Latin American countries and #UnitedStates. #Brazil‚Äôs situation is getting quite dramatic. #coronavirus #Mexico #StayAtHome #WednesdayThoughts #FicaEmCasa
Goodbye ww3 Hello coronavirus Goodbye coronavirus Hello riots
It was probably literally always for that. The coronavirus gaff was the sugar coating meant to make it go down easier.
Traitor Trump dont care about Corona Virus or the dieing because he's spaced out on Space X.
"#UPDATE At the epicenter of South America's novel #coronavirus outbreak, Brazil reached 28,834 fatalities and has the second-highest #COVID-19 caseload in the world behind the United States http://u.afp.com/3AEd"
"Trump is going to hit the campaign trail : ""coronavirus was a hoax"" ""when I wanted to reopen our Economy, do nothing Democrats opposed me very strongly but they encouraged thugs to go out loot and destroy our communities"" ""fake news CNN even called them heroes"" We're so fucked"
Just checked out whats been going on during tornado season and i missed a outbreak of 140 confirmed touchdowns in 2 days thanks to coronavirus
Misinformation circulates about Japan‚Äôs plan to subsidise tourism after coronavirus lockdown is lifted 
We‚Äôre past the corona virus right? That‚Äôs old news
"#SickWorld #USA #Coronavirus !!! Pigs roasted alive in coronavirus mass-extermination, probe uncovers https://nypost.com/2020/05/29/pigs-were-roasted-alive-in-coronavirus-mass-extermination/?utm_source=twitter_sitebuttons&amp;utm_medium=site%20buttons&amp;utm_campaign=site%20buttons via @nypost"
Our last #covidaroundtheworld video on guitinews Coronavirus in India has had the most unexpected consequences in Pune where workers died of hunger in place of Covid. Also news from Goa where the situation turned‚Ä¶ https://www.instagram.com/p/CA1CsS6gZqu/?igshid=1b9vv5rd7gole
The anti-vax movement is using growing hesitation around the coronavirus vaccine to attract more people 
"Peace , End violence and racism we need everybody TOGETHER to face this Coronavirus crisis and sustainable developement for all"
"As people revelled in parks and beaches just days before Britain further relaxes novel #coronavirus restrictions, members of the government's Scientific Advisory Group for Emergencies warned of the risk of a second wave of infection http://u.afp.com/3Abt"
"The world's new #COVID19 epicenter could be the worst yet. There are ~920,000 confirmed #coronavirus cases &amp; nearly 50,000 deaths across Latin America's 33 countries, but those numbers are fast on the rise. https://www.cnn.com/2020/05/30/americas/latin-america-covid-19-epicenter-intl/index.html #COVIDbrasil"
"‚ÄúThe Brazilian president, Jair Bolsonaro, has repeatedly dismissed the risks from coronavirus, defied his own government‚Äôs advice and pushed states to reopen beauty parlours as the death toll climbed - displaying overall attitude world leaders such /‚Ä¶"
Why I quit working on Boris Johnson's ‚Äòworld-beating' test-and-tracing system | Coronavirus outbreak | The Guardian 
"I'm not going to lie, if the Coronavirus somehow ends up being a hoax I am going to fucking snap..."
"‚ÄúSouth Africa‚Äôs detected coronavirus infections now exceed 30,000, the country‚Äôs health minister Zweli Mkhize said on Saturday.‚Äù "
#BREAKING More than 6 million novel #coronavirus cases confirmed worldwide: AFP tally 
"Three paper manuscripts skeleton ready... now I just need to get my US visa, move there, get into the lab and get to work #vcu. Easy (oh and it would be nice if could not catch the corona virus before, during or after any of this) #wishmeluck "
Evolution of coronavirus outlines path from animals to humans - https://neurosciencenews.com/coronavirus-evolution-animal-human-16476/ via @neurosciencenew
The US version of Social distancing #mineapolis #coronavirus 
The @EU_Commission &amp; @GlblCtzn teamed up to launch the ‚ÄòGlobal Goal: Unite for our Future‚Äô campaign to tackle the coronavirus crisis around the Stay tuned for the final pledging summit on 27 June and watch the highlights of the launch 
They talk about 2 years and it was before the coronavirus developed in the world. 2 years is too long and it can hurt sales of the Series X because the games will be released on One. I do not buy the X series if I can play Halo on One and especially if it is not more beautiful
Angela Merkel rebuffs Trump's G7 Summit invitation due to coronavirus - Business Insider - Business Insider https://www.businessinsider.com/angela-merkel-rebuffs-trumps-g7-summit-invitation-due-to-coronavirus-2020-5 via @GoogleNews
"Outrage at Belgium‚Äôs Prince Joachim, 28, as he catches coronavirus "
"#coronavirus furlough scheme to finish at end of October, says chancellor https://aijesnews.com/en/business/9100-coronavirus-furlough-scheme-to-finish-at-end-of-october-says-chancellor.html"
"A month ago, I got infected by a Corona virus, and I kept silent because I was worried to announce it on social medias, so people may think that I'm just thirsty for attention. During this time I couldn't even sleep, and I stayed calm as if nothing was going on. Many bad thoughts"
"Coronavirus: Britain faces 'very dangerous moment' as lockdown eased, says top government adviser "
Actor hit by car/ Restaurant owner makes creative proposal/ Troconis speaks out/ Grocery store worker dies of coronavirus: Month In Review https://trib.al/GKl5TN4
"France coronavirus figures 30/05 Confirmed cases: 151,496 (+1,826) In hospital: 14,380 (+227 gross -315 net) In i/c: 1,325 (+29 gross, -36 net ) Hospital deaths: 18,444 (+57) Care home deaths: 10,327 (not updated) Total deaths: 28,771 (+57) Sent home: 68,268 (+486) 1/3"
The coronavirus crisis could push the U.S. to adopt online voting by 2024 http://dlvr.it/RXgVf3
China‚Äôs richest man Jack Ma donates ¬£11m to help tackle coronavirus 
Be safe #coronarvirus #coronavirus 
It's pretty common in all forms of the coronavirus. The thing's a bit nasty. Tbh I really don't care since it's milder than the normal SARS x) The normal one can give you digestive problems too... So annoying.
So far this decade 2020 has issued us WW3 Coronavirus Brexit Lost of Kobe &amp; Gigi Bryant I don‚Äôt know what else to expect WTF is going ok honest!y !?? 
Beware @coronavirus 
Coronavirus declared global health emergency by WHO 
People are afraid of the corona beer now because of the coronavirus 
Africa-Chinese trade raises spectre of coronavirus outbreak across African continent http://rfi.my/5HCo.T via @RFI_En
"WHO Declares Coronavirus A Global Health Emergency, Praises China‚Äôs ‚ÄòExtraordinary Measures‚Äô #Health #pharma"
Coronavirus a disease of Chinese autocracy | The Japan Times 
"Ah; I knew, my response to the #coronavirus would be appealing ..."
#coronavirus breakdown of key facts &amp; figures following @WHO declaration of a global health emergency. #2019nCoV #nCoV2019
"""Declaration of an international emergency will undoubtedly sharpen governments‚Äô focus on protecting citizens. But we must also step up as an international community to make sure no one is left behind"" #coronavirus "
Other people: -The coronavirus has killed more than the SARS Me watching lost in space -the Second Alien Robot?
Coronavirus Task SPACEFORCE
Just one economic impact of a global health crisis pandemic #Coronavirus . Would you travel to #China ?what precautions would you take ?
"#UPDATE The World Health Organization declared a global emergency over the deadly coronavirus spreading from China, which has now killed 170 people in the country http://u.afp.com/3oNm"
 #Tourisme Coronavirus: le Club Med ferme 6 villages sur 7 en Chine 
Absurde. #StopAlAbsurde #CoronaVirus 
Hard to believe: dangerous GOVERNMENTAL advice regarding SCAM for the corona virus pandemic https://edzardernst.com/2020/01/hard-to-believe-dangerous-governmental-advice-regarding-scam-for-the-corona-virus-pandemic/ via @edzardernst
CNBC: CDC confirms first human-to-human transmission of coronavirus in US. https://www.cnbc.com/2020/01/30/cdc-confirms-first-human-to-human-transmission-of-coronavirus-in-us.html via @GoogleNews
"I would be surprise if coronavirus crisis would not affect global economy, markets. Mixed with other social crisis, geopolitics in unstable equilibrium, an ""incoherent"" monetary system, exorbitant global debt, etc., coronavirus could just be the trigger of complexity trouble. "
Worse than #Coronavirus 
Coronavirus declared global public health emergency https://news.sky.com/story/coronavirus-outbreak-declared-global-public-health-emergency-11922074 Sent via @updayUK
Chinese Super League postponed amid coronavirus epidemic http://dlvr.it/RP4bXj
Anybody else counting the days until a rapper compares themselves or their jewelry to the Corona virus? Seems inevitable.
Yeah and heart issues for example will kill much more people in 2020 than coronavirus
Please send the potential health threat as far away from Paris as you can and possibly near Marseille because its well known Paris VS Marseille #coronavirus #paris #marseille #carrylerouet #southoffrance #imonthecoasttoo #sendmasks
Coronavirus declared global health emergency by WHO 
WAKE UP !!! GET READY !!! #Covid19 
"#Coronavirus #COVID19 statistics enhancements: 10 day moving average on daily data to smooth forecasts, China vs Other countries filter Based on data from Johns Hopkins (CSSE-JHU) https://public.tableau.com/views/Coronavirus2019-nCoVstats/Coronavirus2019-nCoV?:display_count=y&amp;publish=yes&amp;:origin=viz_share_link via @tableaupublic"
"UK's Johnson says #Coronavirus top priority, as first Briton dies The virus - which causes a disease called #COVID19 - is transmitted from person to person in droplets when an infected person breathes out, coughs or sneezes. "
"#COVID19 outbreak has reached a ""decisive point"" &amp; has ""pandemic potential"", @WHO head @DrTedros says. For 2nd day, more cases reported outside than inside China. Iran &amp; Italy are major centers of infection; people travelling from there spread the virus https://www.bbc.com/news/world-51665631"
"Worst crisis since 2008, US markets in panic mode #covid19 #oil #usstocks #nasdaq #snp500 #dowjones"
@JanWeirLaw @GeeGeeAkili @JonAndreasen @johnlundin @USNavyMomPA @NewGopforUSA How much did Donald Trump loose? #COVID19 #crise #StockMarket
"#Coronavirus : Odds of a pandemic doubled to 40%, Moody's Analytics says #COVID19 #CoronavirusOutbreak"
"Myths, disinformation and rumors about the novel coronavirus are spreading as quickly as the illness itself. Here's a list of claims @AFPFactCheck has debunked so far: http://bit.ly/2Ihpshf #CoronaVirusFacts #COVID19 "
"if I am president of France,with the Covid19 events, The fact that Erdogan is sending migrants in UE with a major risk of spreading Covid19 even more easily in Europe and the World,Would give me the pretext of spraying Turkey by nuclears bombs.Anyway you're going to have problems "
Cover of the new edition of The New Yorker. No comment. #DonaldTrump #MikePence #Coronavirus #COVID19 #IdiotinChief #TheResistance
Breaking : the French minister of health just announced 57 cases of #covid19 in #France. Meaning the virus is now in circulation. Expect a shut-down of the country soon. #CoronaVirusUpdates
"Coronavirus is a perfect way to get rid of Paper dollar.. People are going to be to scared to touch ""cash money"" so its going to turn digital.. From there the debit cards will go away n start using chips implemented in your hand or head. #COVID2019 #COVID19 #Covid_19 #COVID"
"Super clair, super complet #COVID19 #pasteurinstitut"
#France prepares itself to shut down ...this is serious. #COVID2019 #Covid19 
Simple ways to prevent the spread of #COVID19 in your workplace: Make sure your workplaces are clean &amp; hygienic. 
Les pro-BDS en PLS... #Isra√´l #Coronavirus #COVID19 #BDS #Vaccin
"Health and safety at work #Coronavid19 WHO guidance on how to prevent the spread of #COVID19 in a workplace to protect your customers, contractors and employees via @WHO"
Danke #Merkel! #Congo #migrants protest concert in #Paris! Burn down #GaredeLyon Now #Turkey says it will no longer intercept. Did you see the riots #Lesbos #Greece last night? Enough in #Nice06 #France #UK from #Italy the #coronavirus #COVID19 capital NO CONTROLS #Europe #Brexit
"If these numbers are correct, this is simply disastrous. 210 deaths meaning 7,000 unknown infected people in #Iran a country that can barely help its citizens... #ŸÉŸàÿ±ŸàŸÜÿß #COVID19 "
"#covid19 Children's resistance to covid-19 is said to be due to naturally robust health, they are less subject to inflammation; the older you are the more you rely on antibodies picked up over the years, and the more likely to get inflammatory reactions (pneumonia)."
What if.. just what if supreme leader Kim Jong Un was diagnosed with Covid19. Will he also be shot immediately? #imagine
"The actual fuck, #Indonesia ??? #COVID19 "
In the wake of #COVID19 #CoronaVirus .. are mass gatherings necessary or to be avoided ..
"Pretty scary prospect. ""With luck, public health control measures may be able to put the demons back in the jar. If they do not, we face a daunting challenge equal to or perhaps greater than that posed by the influenza pandemic of a century ago."" #COVID19 "
".@EU_Commission is coordinating efforts to prevent &amp; contain the #COVID19 outbreak. Italy has activated the EU's Civil Protection Mechanism, requesting protective facemasks. The Commission is mobilising assistance &amp; will do all it can to help. "
"#Iran's health minister writes a letter to the supreme leader. Using rhetoric normally reserved for the U.S., Namaki writes fight against #coronavirus ""would surprise the entire world when the disease is brought to its knees."" #COVID19 "
"#Iran's health minister: ‚ÄúWe have a relatively difficult week ahead...as we see the trend, the main peak of the disease will be in the next week and coming days.‚Äù #COVID19 "
LOL #coronavirus is IMPORTANT to COCAINE #kudlow SNORT look deregulation SNORT #energy SNORT cnbc SNORT ¬øif NONE healthy/ALIVE=how much #oil can BUY? #GreatGame++ #gas #LNG #oott #theworldwantstoknow #COVID19 #stockmarkets CRASH #bananarepublic #trump-istan #aliceinwonderland
Ah le hasard fait bien les choses #coronaravirus #COVID19 
Global map of #coronavirus confirmed cases worldwide. #CoronavirusOutbreak #COVID19 via @fklivestolearn
The coronavirus seems unstoppable. What should the world do now? Lessons from #China The single biggest lesson is: ‚ÄúSpeed is everything -Has the rest of the world learned the lesson of speed? https://www.sciencemag.org/news/2020/02/coronavirus-seems-unstoppable-what-should-world-do-now v√≠a @ScienceMagazine #Coronavid19 #COVID19 #Coronavirusmx
"lol also fun fact, TB masks will absolutely NOT prevent you from catching an airborne/contact virus like COVID19. PS - as long as Pence doesnt say something like praying to Jesus will stop you from getting it, i'm ok with this. lol"
Real-time tracking of #coronavirus spread worldwide: https://infographics.channelnewsasia.com/covid-19/map.html #DataVisualization #CoronavirusOutbreak #COVID19 via @ChannelNewsAsia
"10 years ago, several experts were warning us about a new global disease, called 'disease x'. Is #coronavirus this 'disease x‚Äô? #CoronavirusOutbreak #COVID19 via @Jamesvgingerich"
"According to @SamLeeSanofi, Head of Pandemic &amp; New Influenza Vaccines at Sanofi Pasteur, the emergence of #COVID19 reminds us that we must be ready at all times to respond to #influenza viruses with pandemic potential."
"Dr Ann Moen highlighted that although #COVID19 and influenza are different diseases, influenza control measures ‚Äì including pandemic preparedness ‚Äì are providing an important foundation in the response to this emerging threat. "
"This is the program for #COVID19 without a fan to attend, the group found sad and lonely."
"Is #Covid19 reinfection possible? This woman was discharged from hospital and then admitted again... Does a first infection protect from a second ""new"" one? Or else could the virus remain silent and then surge again? lots of questions..."
"#NASDAQ #PreMarket $VIR &gt;+218.27% Vir #BioTechnology and WuXi Biologics to Collaborate on #COVID19 Treatment Just 2 weeks ago, the company announced that its researchers had identified two monoclonal antibodies (mAbs) that might work on the #Coronavirus"
Hawley breaks down his #coronavirus bill aimed at securing medical supply chain: 'Bring them back to US' #JoshHawley #Coronavid19 #Corona ##Covid_19 #Covid19 #FridayThoughts #Friday
Every single square metre of Earth is hit by more than 800 million viruses every single day but please tell me more about how wearing a face mask and being an asshole is going to protect you from #coronavirus #COVID19 https://science.ubc.ca/news/viruses-lots-them-are-falling-sky
@LSHTM is proposing an online course on #COVID19: Tackling the Novel Coronavirus | LSHTM 
The best factor for contamination of #covid2019 #covid19 is the celllular phone . Everybody use tit outside and nobody clean them
"""They are usually loose fitting, use poor filtration fabrics and give little protection to the wearer other than to restrict touching the nose and mouth without protecting the eyes"" #coronavirus #COVID19"
"Mini-thread from experts on why face masks don't work you goddamn slobs #coronavirus #covid19 ""There is very little evidence that wearing such masks protects the wearer from infection"""
"All the news and media are around this #coronavirus, i'm really starting to feel that #governments lying us and not telling us the truth about it. Should we be worried about it? (#COVID19 )"
"Incubation period for SARS was 4-5 days, with COVID19 it's 2-14 days so more people will get infected as it spreads. Mortality rate of COVID19 depends on countries, in Iran it is now at 10% (as per official stats) pretty close to SARS (on average 15%)."
I don't fucking believe them. #covid19 Hope @sporeMOH @ICASingapore @SingaporePolice are on alert on travellers from indo
"RT @manjushriNL: 'Prayer is not enough...‚Äô
H.H. the 14th @DalaiLama, #Tibet‚Äôs spiritual leader, on why we need to fight #Coronavirus with #‚Ä¶"
"RT @DrSamirBhatt: https://t.co/M14NVHhx2q 

Have deaths from COVID-19 in Europe plateaued due to herd immunity? https://t.co/jej7lsQP8L"
Can #coronavirus Contact Tracing Survive Reopening? https://t.co/vNeq8lKwfa via @NewYorker
RT @billbirtles: Video claiming to show paramilitary police in huge numbers descending on Beijing Xinnongdi wholesale market amid 49 new #c‚Ä¶
RT @oli3be: #France --- Daily New Cases --- Multiple Gaussians Extrapolation --- #Coronavirus #COVID19 https://t.co/ars1qlBesz
RT @AFP: #UPDATES Eleven residential estates in south Beijing are locked down due to a fresh cluster of #coronavirus cases linked to the ne‚Ä¶
RT @SebDance: Populism is *very* bad for your health.
RT @SebDance: Populism is *very* bad for your health.
"RT @MackayIM: ""there are large differences in patterns of per-capita deaths in different countries that are difficult to reconcile with her‚Ä¶"
"RT @AFPphoto: #Coronavirus #COVID19 #Italy
Venice comes back to life after lockdown.
üì∏ Andrea Pattaro #AFP
More pictures on AFP Forum: http‚Ä¶"
RT @SGlnl: Hein ? üòÇ
RT @AFP: #UPDATES Eleven residential estates in south Beijing are locked down due to a fresh cluster of #coronavirus cases linked to the ne‚Ä¶
"RT @fripfoll: RT @Game_2_Gamer With many of us on ""Safer-at-home"" lets #Giveaway a #PS4 Console!!
to enter, RETWEET &amp; FOLLOW @Game_2_Gamer‚Ä¶"
"RT @AgatheDemarais: Fabulous @nytimes map showing where #coronavirus cases are rising fastest - India, Middle East, Latin America and Afric‚Ä¶"
"What measures have countries around the üåç taken to address the #coronavirus pandemic?

Our #COVID19 Country Policy‚Ä¶ https://t.co/XZwDtkUWMF"
Here we go again
"RT @OECD: What measures have countries around the üåç taken to address the #coronavirus pandemic?

Our #COVID19 Country Policy Tracker allows‚Ä¶"
RT @oli3be: Daily New Cases --- Worldwide --- #COVID19 #Coronavirus https://t.co/GdAzciO4wh
"RT @VividRicky: '#Coronavirus: Five Ways Shopping Will Be Different From Now On'...
https://t.co/QvaNFAklyS"
RT @oeinis: 2020-05-25 #coronavirus death in France (per 100 000 inhabitants). Hexagon tessellation animated #map. #Covid_19 #COVID19france‚Ä¶
"RT @OulimataSarr: Once the #coronavirus pandemic behind us, we will revisit the resilient women farmers of #Cameroun. The smallholder farme‚Ä¶"
PARDON ?! üò≥
RT @campbellclaret: 1. You have never had a proper plan. 2. You are world leading in deaths per million. 3. Your constant over claiming to‚Ä¶
ü¶† #Coronavirus: has the #UN‚Äôs call for a global ceasefire been effective? Does the #Covid19 crisis offer any opport‚Ä¶ https://t.co/pIh3Gs8Uwe
"RT @AFPphoto: #Coronavirus #COVID19 #China #Beijing
Fresh virus cluster in China raises fears for pandemic control.
üì∏ GregBaker #AFP https:‚Ä¶"
"#COVID19 PROJECTIONS FOR #Delhi (35000+ deaths).

#LOCKDOWN NOW!!

#IndiaFightsCorona #AAP #India #Covid_19‚Ä¶ https://t.co/agN2asLGfB"
"RT @SkyNews: The #coronavirus reproduction rate may have risen above 1 in parts of England, the government's scientific advisory group has‚Ä¶"
"RT @EU_Finance: Green Bonds Alert! üì¢üåç
@EU_Commission is launching a consultation on creating an EU Green Bond Standard. #EUGreenBonds could‚Ä¶"
"RT @MaryCushmanMD: I hope other journals provide similar analysis. #WomenInMedicine 
@JACCJournals @JTHjournal @CircAHA @atvbahajournals @C‚Ä¶"
"#COVID19 
Travel restrictions to France from European countries will be lifted from 15 June, except:
By ‚úàÔ∏èfrom üá™üá∏:‚Ä¶ https://t.co/DTQ3VislxE"
"RT @Tejasvi_Surya: The only CM in India today who can start his weekend with a breakfast at MTR - city‚Äôs most famous joint. 

Sri @BSYBJP‚Äôs‚Ä¶"
@WorldBank: ‚Äúwe‚Äôre here to help countries optimize private sector infrastructure solutions that are sustainable and‚Ä¶ https://t.co/iXqHXMDarS
RT @AlistairsWorld: Seems like there is a huge number of Indian Twitter accounts devoted solely to trolling Chinese and making racist comme‚Ä¶
"RT @francediplo_EN: #COVID19 
Travel restrictions to France from European countries will be lifted from 15 June, except:
By ‚úàÔ∏èfrom üá™üá∏: rest‚Ä¶"
RT @ehnheart: Great disruption of #hypertension management and #CVD emergencies reported by countries: @WHO rapid assessment survey of serv‚Ä¶
"RT @CellPressNews: With 93.5% accuracy, machine learning uses 29 metabolite and protein molecular signatures to properly classify #COVID19‚Ä¶"
RT @CDCgov: #Employers: Antibody tests for #COVID19 should not be used to determine if someone can return to work. There is not enough info‚Ä¶
How the rail sector fought against the impact of #COVID19 and how the industry can build ‚Äò#RAILsilience‚Äô together |‚Ä¶ https://t.co/rCSVaqtSDd
"Confirmed! #RE financially outperforms FF ‚úÖ
Clean #power #stocks outperformed #FossilFuel during #COVID19. Although‚Ä¶ https://t.co/0y4eS7yqXc"
"RT @francediplo_EN: #COVID19 
Travel restrictions to France from European countries will be lifted from 15 June, except:
By ‚úàÔ∏èfrom üá™üá∏: rest‚Ä¶"
"RT @JamesTodaroMD: Throughout history, discoveries that challenged the ‚Äúexperts‚Äù of the era always faced censorship.

Today, it is imperati‚Ä¶"
"RT @francediplo_EN: #COVID19 
Travel restrictions to France from European countries will be lifted from 15 June, except:
By ‚úàÔ∏èfrom üá™üá∏: rest‚Ä¶"
RT @Julie_Teigland: Here‚Äôs an interesting read on how telecoms giants have responded to increased demand on services during #COVID19. As co‚Ä¶
"RT @Covid19ZimUpdat: Beijing in a Wartime lockdown as new cases of #covid19 resurfaces . As second wave fears grows fast. 
@WHO 
@WHO_Zimba‚Ä¶"
India announced a 20 lakh crore economic #stimulus package in response to #covid19. Explore its distribution across‚Ä¶ https://t.co/NSE5tMw7aX
RT @PACE_Equality: The crisis had been ‚Äúa magnifying glass‚Äù for existing inequalities in our societies @petra_stienen    #COVID19 : #women‚Ä¶
"Thank you to M Garassino, then L Horn for building this initiative of excellence in a very particular period. We ha‚Ä¶ https://t.co/tBcEK9kNzR"
"RT @WHOAFRO: Over 222,000 confirmed #COVID19 cases on the African continent - with more than 101,000 recoveries &amp; 6,000 deaths. View countr‚Ä¶"
"RT @XHNews: There have been coordinated efforts on social media to spread rumors that the #coronavirus is a bioweapon created by China, say‚Ä¶"
"RT @EHMAinfo: üß† What are Europe and #healthsystems doing to respond to the #COVID19 #mentalhealth impacts? 

On Wed, June 17 at 13.30 CEST‚Ä¶"
RT @ZephyrIoT: .@PHYTEC_Gmbh is employing @ZephyrIoT and @NordicTweets #nRF52832 @BluetoothSIG (SoC) based module the @Decawave #DWM1001C i‚Ä¶
"RT @RommieAmaro: Oh, and also...

#glycotime #gotglycans? #COVID19 #SARSCoV2 https://t.co/9HoOOPf4jR"
"RT @francediplo_EN: #COVID19 
Travel restrictions to France from European countries will be lifted from 15 June, except:
By ‚úàÔ∏èfrom üá™üá∏: rest‚Ä¶"
RT @ThatTimWalker: This will be an odd chapter in The Decline and Fall of Great Britain. In the same month Michael Gove committed the count‚Ä¶
RT @christophsteck: Looking forward to present tomorrow Telefonica¬¥s views on #connectivity and #inclusion at the United Nations High-Level‚Ä¶
@grahambsi Diplomacy is all about trust. How do they think they will sign the gazzilions of FT deals they need to s‚Ä¶ https://t.co/CySHT5I8E3
RT @shahmiruk: The British government tried to hide a vital report on BAME citizens. This is why we‚Äôre toppling statues of known racists. B‚Ä¶
"RT @francediplo_EN: #COVID19 
Travel restrictions to France from European countries will be lifted from 15 June, except:
By ‚úàÔ∏èfrom üá™üá∏: rest‚Ä¶"
RT @GaetanBurgio: This #COVID19 paper says the highly prevalent #SARSCoV2 D614G mutation in S1 domain of S-protein limits shedding of S1 do‚Ä¶
RT @coe: One in 5 children suffers one or another form of sexual abuse or victimisation during their childhood. COVID19 might even have inc‚Ä¶
"RT @sanchezcastejon: Spain is coleader in initiatives such as the ACT-Accelerator to achieve equitable access to vaccines, treatments and d‚Ä¶"
"RT @sanchezcastejon: Spain is coleader in initiatives such as the ACT-Accelerator to achieve equitable access to vaccines, treatments and d‚Ä¶"
RT @andersen_inger: We cannot just develop a vaccine for #COVID19 &amp; call it ‚Äújob done‚Äù. We need to halt #biodiversity loss. Investing in su‚Ä¶
RT @oli3be: Daily New Cases --- Worldwide --- #COVID19 #Coronavirus https://t.co/GdAzciO4wh
"RT @sanchezcastejon: Spain is coleader in initiatives such as the ACT-Accelerator to achieve equitable access to vaccines, treatments and d‚Ä¶"
RT @antonioguterres: We have seen such a widespread and damaging expansion of #COVID19 in large part because our multilateral system is not‚Ä¶
"RT @OECDgov: Out soon üì¢ Stay tuned for our upcoming policy paper on the impact of #COVID19 on #youth and #intergenerational #justice. 

Sig‚Ä¶"
"RT @ABSCBNNews: BREAKING: The DOH reports 607 additional cases of #COVID19, raising PH tally to over 25,000, as of June 13, 2020. In total,‚Ä¶"
RT @asteris: How to pandemic https://t.co/wU4W4zQLFP
"RT @africa_shows: Catch my show on CNBC, #sustainablebuilding filmed during the #lockdown from my #neighborhood.
First time #filmingonmyown‚Ä¶"
"Authors, elite journals @TheLancet and @NEJM under fire after major retractions of major papers‚Ä¶ https://t.co/0n15P5oRsd"
RT @ThatTimWalker: This will be an odd chapter in The Decline and Fall of Great Britain. In the same month Michael Gove committed the count‚Ä¶
"RT @sanchezcastejon: Spain is coleader in initiatives such as the ACT-Accelerator to achieve equitable access to vaccines, treatments and d‚Ä¶"
"RT @francediplo_EN: #COVID19 
Travel restrictions to France from European countries will be lifted from 15 June, except:
By ‚úàÔ∏èfrom üá™üá∏: rest‚Ä¶"
"Great event, worth watching! Click on link below ‚¨áÔ∏è"
Covid 19
RT @SAfridiOfficial: I‚Äôve been feeling unwell since Thursday; my body had been aching badly. I‚Äôve been tested and unfortunately I‚Äôm covid p‚Ä¶
collab
RT @ViolaRoberto: The #DESIeu published today shows important progress of üá™üá∫ #EU Member States in #digital areas like connectivity &amp; #eGov.‚Ä¶
"RT @APassaroMD: üö®üÜïJust out on @TheLancetOncol the TERAVOLT study, evaluating the impact of #COVID19 in pts w/ thoracic cancers #LCSM
üëâüèªOur‚Ä¶"
"RT @OffGuardian0: Let's be clear - whatever the motivation/good intentions of isolated individuals may have been, the degree of coordinatio‚Ä¶"
Back to business! üé¨üé•üéûÔ∏è #Filmmaking #Hollywood #COVID19
"RT @UNICEF: ‚úã ""Tadaaaaaa!"" ü§ö

Two-year-old Natalie shows us how fun handwashing can be at her home in South Sudan as she protects herself f‚Ä¶"
"RT @sanchezcastejon: Spain is coleader in initiatives such as the ACT-Accelerator to achieve equitable access to vaccines, treatments and d‚Ä¶"
RT @ThatTimWalker: This will be an odd chapter in The Decline and Fall of Great Britain. In the same month Michael Gove committed the count‚Ä¶
Congratulations Marina
"RT @UN_Women: In some countries, #COVID19 infections among female health workers are 2x that of their male counterparts. 

Governments must‚Ä¶"
"RT @GlblCtznImpact: Thank you üíô @mileycyrus üíô for calling on world leaders to unite &amp; commit billions of dollars to make testing, treatment‚Ä¶"
"RT @DOTW_UK: Do you have questions about #COVID19's impact on refugees &amp; how you can help?

During #RefugeeWeek2020, we will host a Q&amp;A wit‚Ä¶"
"RT @yourICM: #COVID19 induced #AKI in critically ills with #SARSCoV2 #Coronavirus infection: several mechanisms possibly involved, prevalen‚Ä¶"
RT @IATA: We've joined with @ACI_EUROPE &amp; @A4Europe to call for governments to cooperate to lift intra-EU travel restrictions on Monday. Co‚Ä¶
Beijing goes into ‚Äòwartime mode‚Äô as #Coronavirus emerges at market in Chinese capital #Covid19 #China https://t.co/ZkjJXPHyVt
"RT @sanchezcastejon: Spain is coleader in initiatives such as the ACT-Accelerator to achieve equitable access to vaccines, treatments and d‚Ä¶"
"RT @brexit_sham: Astounding footage of @BorisJohnson 'cramming covid' on his return from a two week Kent jolly with Carrie Symonds. 

Crimi‚Ä¶"
RT @Forever_Chic__: I love packing your orders!! I can't believe my #SmallBusiness is 2 months old!! Free studs with each order! #SaturdayM‚Ä¶
"RT @imperialcollege: Is herd immunity responsible declines in #COVID19 cases?

It would be good news but our recent analysis found no such‚Ä¶"
"RT @yourICM: #COVID19 induced #AKI in critically ills with #SARSCoV2 #Coronavirus infection: several mechanisms possibly involved, prevalen‚Ä¶"
"RT @sanchezcastejon: Spain is coleader in initiatives such as the ACT-Accelerator to achieve equitable access to vaccines, treatments and d‚Ä¶"
#Smartphone sales declined by 20% in Q12020 due to #Covid19. #Mobile #Technology #Digital #Telecom https://t.co/leTXa0rN9G
RT @DevonGreyson: Pleased that colleague Wayne Xu (@WeiaiWayne) and I from @UMassCommDept have joined forces w Canadian researchers @DubeEv‚Ä¶
"UK PM @BorisJohnson approval plummets 14 points to a 43% approval due to #COVID19, Cummings &amp; #blm responses. A sha‚Ä¶ https://t.co/IjIf2r8603"
RT @SAfridiOfficial: I‚Äôve been feeling unwell since Thursday; my body had been aching badly. I‚Äôve been tested and unfortunately I‚Äôm covid p‚Ä¶
"RT @video4me: As flash global R estimate falls below 1, top 5 countries by reported cases are: USA¬π Brazil¬≤ Russia¬≥ India‚Å¥ UK‚Åµ.

UK Flash R‚Ä¶"
RT @SAfridiOfficial: I‚Äôve been feeling unwell since Thursday; my body had been aching badly. I‚Äôve been tested and unfortunately I‚Äôm covid p‚Ä¶
RT @Dynamic42_Jena: Great News! Our Anti-#Corona-Project to jointly develop and apply an immunocompetent Covid19 lung on chip model togethe‚Ä¶
"RT @TheAfricaReport: @JackMa showed foresight at the start of #COVID19 in #Africa. He didn‚Äôt treat Africa like a ""monolith"". He sent resour‚Ä¶"
RT @globaltimesnews: E.China's #Hangzhou carried out thorough monitoring on the sales of salmon in the supermarkets Sat following reports t‚Ä¶
"RT @hlavinka_e: More questions raised regarding the Surgisphere data used in 2 retracted #COVID19 studies‚Äî&amp; few answers. ""The only explanat‚Ä¶"
"RT @timcolbourn: Thanks @BBCNewsnight good clip 

Here are some other bits that didn't make cut: 

1. it's likely the 8000 cases in the den‚Ä¶"
"RT @LawrenceSellin: China has thoroughly infiltrated U.S. medical research, the softest of soft targets, and is working with compliant West‚Ä¶"
RT @ameerabbas84: The private hospitals are butchering the people &amp; milking the patients so ruthlessly and not only the present but the suc‚Ä¶
"RT @ETF_Europe: ‚è∞You have time to register for the event until tomorrow at 12:00!

Join to learn about ETUFs'  recommendations on #COVID19‚Ä¶"
"RT @francediplo_EN: #COVID19 
Travel restrictions to France from European countries will be lifted from 15 June, except:
By ‚úàÔ∏èfrom üá™üá∏: rest‚Ä¶"
"RT @sanchezcastejon: Spain is coleader in initiatives such as the ACT-Accelerator to achieve equitable access to vaccines, treatments and d‚Ä¶"
Fake news ...
"RT @CelineCrevelier: How to be #Innovative during a worldwide crisis?
#OrangeStartup is #Proud to highlight the #Startups of its ecosystem‚Ä¶"
RT @marinagarassino: Just out #Teravolt We tried to contribute to #COVID19 improving knowledge https://t.co/Gocp9D4Slj @myESMO @IASLC @TheL‚Ä¶
"RT @YourAnonNews: Yesterday, there were 140,927 new cases of #COVID19 and 4,603 additional deaths were reported in the past 24 hours.

This‚Ä¶"
"RT @MHafeez22: U r a Fighter by Nature &amp; M sure U wil fight &amp; wil Defeat this Virus soon,  Best wishes for U to Get well soon ü§≤üèº"
"RT @Anon__Truther: @aMINE96444917 @Michael27452480 Yes.
Also this video explains how testing for the exact strain of #Covid19 is not happen‚Ä¶"
RT @BrentToderian: Nothing in how we prioritize street space is written in stone or inevitable. It‚Äôs just a product of our priorities. If a‚Ä¶
"RT @APassaroMD: üö®üÜïJust out on @TheLancetOncol the TERAVOLT study, evaluating the impact of #COVID19 in pts w/ thoracic cancers #LCSM
üëâüèªOur‚Ä¶"
RT @YalchinRafiyev: #Covid19 is also a major #education crisis.Around 1.5 billion #students across the üåç r affected by school &amp; university‚Ä¶
RT @VirusesImmunity: Men are at higher risk of developing severe #COVID19 disease. We investigated whether this difference might be due to‚Ä¶
RT @ThatTimWalker: This will be an odd chapter in The Decline and Fall of Great Britain. In the same month Michael Gove committed the count‚Ä¶
"RT @CarolYujiaYin: 4 new cases of #COVID19 broke out in #Beijing yesterday and they were all related to the Xinfadi market.

It was also an‚Ä¶"
"RT @RommieAmaro: Oh, and also...

#glycotime #gotglycans? #COVID19 #SARSCoV2 https://t.co/9HoOOPf4jR"
"RT @WomenDeliver: #SRHR is needed, wanted, essential, and lifesaving in all emergencies. We join partners at @IAWG_RH in calling on world l‚Ä¶"
RT @GaetanBurgio: This #COVID19 paper says the highly prevalent #SARSCoV2 D614G mutation in S1 domain of S-protein limits shedding of S1 do‚Ä¶
"RT @YourAnonNews: Yesterday, there were 140,927 new cases of #COVID19 and 4,603 additional deaths were reported in the past 24 hours.

This‚Ä¶"
"RT @HumaneAware: Today‚Äôs feature is @TOLFAcharity a hospital for sick &amp; injured street #animals in #Rajasthan üáÆüá≥ 

#COVID19 has severely im‚Ä¶"
"#Bangladesh urged to lift #Rohingya #internet ban as #Covid19 rumours swirl.
#Refugees said to be avoiding getting‚Ä¶ https://t.co/VFNIIW2EBM"
"RT @StephenMcDonell: In #Beijing a new cluster of #covid19 cases emanating from, wait for it, a seafood market. Footage appears to show hun‚Ä¶"
RT @Maryam_Rajavi: The mullahs‚Äô inhuman regime is responsible for the new wave of the outbreak and the growing number of victims in #Iran.‚Ä¶
"RT @francediplo_EN: #COVID19 
Travel restrictions to France from European countries will be lifted from 15 June, except:
By ‚úàÔ∏èfrom üá™üá∏: rest‚Ä¶"
RT @vijai63: This is an interesting comparison
"RT @VoltMalta: Citizens in Malta have abortions.
It's way past time to end the absolute ban that exists in #Malta and amend the 19th Centur‚Ä¶"
"RT @francediplo_EN: #COVID19 
Travel restrictions to France from European countries will be lifted from 15 June, except:
By ‚úàÔ∏èfrom üá™üá∏: rest‚Ä¶"
"RT @XHNews: Click https://t.co/9Wx9ZVsVQ8 for Asia-Pacific #COVID19 news:
-- Bangladesh reports 2,856 new cases, total at 84,379.
-- Indone‚Ä¶"
RT @NEJM: Eighteen brains of patients who died 0 to 32 days after the onset of symptoms of SARS-CoV-2 infection showed hypoxic‚Äìischemic cha‚Ä¶
RT @sarkodie: You guys got me on @JumiaGhana and I‚Äôm hooked üòäüëåüèæ ... perfect way to shop without stepping out ... very essential in these #C‚Ä¶
This might be useful...
"RT @VinceGW: üëá Very short blog to recap how the #Eurosystem responded to the #COVID19 crisis: adjustment of our #credit operations, further‚Ä¶"
"RT @YourAnonNews: Yesterday, there were 140,927 new cases of #COVID19 and 4,603 additional deaths were reported in the past 24 hours.

This‚Ä¶"
"RT @Stago_Official: All you wanted to know about #COVID19 and its implications for   #thrombosis and #anticoagulation, is on our section ""S‚Ä¶"
"RT @HongKongFP: [Recap] Covid-19: Widow of Chinese whistleblower doctor Li Wenliang gives birth to boy ‚Äì report

https://t.co/MpzXptRFE3 #C‚Ä¶"
Many thanks to the excellent DGEAC team and all the experts for the rich and valuable exchanges of #EU‚Ä¶ https://t.co/tuocTKcaBU
"RT @annytenga: Exclusion
Discrimination 
And I don‚Äôt see any young person.
Nothing for youth without them.
@aya_chebbi @AUYouthProgram @awl‚Ä¶"
"RT @MsPhelps: A number of publishers (incl. ACS, Elsevier, SpringerNature, Wiley) reserve the right to have #COVID19-related papers removed‚Ä¶"
RT @SAfridiOfficial: I‚Äôve been feeling unwell since Thursday; my body had been aching badly. I‚Äôve been tested and unfortunately I‚Äôm covid p‚Ä¶
"RT @sanchezcastejon: Spain is coleader in initiatives such as the ACT-Accelerator to achieve equitable access to vaccines, treatments and d‚Ä¶"
"RT @MesMitch: @UNEP #ForNature #ClimateAction #COVID19  Ban wet markets #banyulin

https://t.co/ucbeq3IMtR"
"RT @StefSimanowitz: 1/. I‚Äôm no scientist so please correct me, but it seems one of the key early errors of the govt‚Äôs #COVID19 strategy was‚Ä¶"
"Fiona Barnett - Witness of VIP Satanic Ritual in Bathurst, 1985 
#Obamagate #Satanisme #FrancMa√ßonnerieLucif√©rienne‚Ä¶ https://t.co/JsuWOP2TXv"
"RT @sanchezcastejon: Spain is coleader in initiatives such as the ACT-Accelerator to achieve equitable access to vaccines, treatments and d‚Ä¶"
"RT @sanchezcastejon: Spain is coleader in initiatives such as the ACT-Accelerator to achieve equitable access to vaccines, treatments and d‚Ä¶"
"RT @ScienceCrux: India is not only debating use of Arsenic Album, a #Homeopathy medicine with no proven record of treating #covid19 but it‚Ä¶"
"RT @McKonGov: In the current environment, many employees are getting information from half a dozen or more channels. Military commanders ha‚Ä¶"
"‚ÄúCost, Cost, Cost... One size fits all‚Äô reset and reallocate cost reduction targets are back to deliver a 10-20% re‚Ä¶ https://t.co/5lVzv8VA9C"
"RT @SussexGtForest: To #planttrees, #planthope, donate to the organizations using the links here, or plant your own and tag us. #ClimateCri‚Ä¶"
RT @DanielNorero: Italy and Israel bet on GM microalgae to develop edible COVID vaccine üå±üß¨üß™üáÆüáπüáÆüá±https://t.co/w9rjk4TWN4 | #COVID19 #vaccines‚Ä¶
RT @French_Moments: This might be useful...
@JohnDesMarteau @MadamMoHawk Do you have any news about it ? It looks like this treatment is very expensive and won‚Ä¶ https://t.co/xXcst4IuPJ
RT @UMoodco: Urban Mood masks are all handmade by the artisans of small European workshops. Very high quality materials are picked by our t‚Ä¶
RT @sauvonsleurope: .@UKLabour is back ! ‚úäüá™üá∫‚úä
RT @UMoodco: Urban Mood masks are all handmade by the artisans of small European workshops. Very high quality materials are picked by our t‚Ä¶
#COVID19 challenge: Once the world overcomes the worst of the pandemic a key part of rebuilding our economy will ne‚Ä¶ https://t.co/r5BSizMmI6
"RT @sanchezcastejon: Spain is coleader in initiatives such as the ACT-Accelerator to achieve equitable access to vaccines, treatments and d‚Ä¶"
RT @oli3be: Daily New Cases --- Worldwide --- #COVID19 #Coronavirus https://t.co/GdAzciO4wh
"Malaysia Latest update; 
New deaths: 1
Total #COVID19 Deaths : 120

New cases : 43
Total cases: 8445

Cases Recover‚Ä¶ https://t.co/YCxBG2nWnl"
"RT @vibbbeee: #COVID19 
to the asymptomatic patients https://t.co/gyWjc59D3S"
"RT @ECDC_EU: Today's #COVID19 update (13.06.2020)

Global:
‚ñ™ 7 625 883 cases
‚ñ™ 425 931 deaths

EU/EEA/UK:
‚ñ™ 1 466 883 cases
‚ñ™ 170 997 death‚Ä¶"
"RT @francediplo_EN: #COVID19 
Travel restrictions to France from European countries will be lifted from 15 June, except:
By ‚úàÔ∏èfrom üá™üá∏: rest‚Ä¶"
RT @UMoodco: Urban Mood masks are all handmade by the artisans of small European workshops. Very high quality materials are picked by our t‚Ä¶
"RT @sanchezcastejon: Spain is coleader in initiatives such as the ACT-Accelerator to achieve equitable access to vaccines, treatments and d‚Ä¶"
"RT @HumaneAware: Today‚Äôs feature is @TOLFAcharity a hospital for sick &amp; injured street #animals in #Rajasthan üáÆüá≥ 

#COVID19 has severely im‚Ä¶"
"RT @ZonefrC: Fiona Barnett - Witness of VIP Satanic Ritual in Bathurst, 1985 
#Obamagate #Satanisme #FrancMa√ßonnerieLucif√©rienne #COVID19 @‚Ä¶"
RT @UMoodco: Urban Mood masks are all handmade by the artisans of small European workshops. Very high quality materials are picked by our t‚Ä¶
"RT @fignon_laurent: #JamaisSansMonMasque
#Covid19
Mutated coronavirus shows significant boost in infectivity | Scripps Research https://t.c‚Ä¶"
"RT @francediplo_EN: #COVID19 
Travel restrictions to France from European countries will be lifted from 15 June, except:
By ‚úàÔ∏èfrom üá™üá∏: rest‚Ä¶"
"RT @SRHgroup_ITM: If, like us, you are interested in a deep understanding of the responses and solutions developed for #COVID19 in #materna‚Ä¶"
"RT @_SmartMobility: üö≤üö∂‚Äç‚ôÄÔ∏è#Cities around the world are transforming #streets for #postpandemic recovery.

#UrbanPlanning #UrbanMobility #COV‚Ä¶"
RT @SAfridiOfficial: I‚Äôve been feeling unwell since Thursday; my body had been aching badly. I‚Äôve been tested and unfortunately I‚Äôm covid p‚Ä¶
RT @SAfridiOfficial: I‚Äôve been feeling unwell since Thursday; my body had been aching badly. I‚Äôve been tested and unfortunately I‚Äôm covid p‚Ä¶
"RT @StephenMcDonell: If we're blaming the salmon #Beijing's #covid19 outbreak I'm reminded of this from the Monty Python... QtoMrDeath: ""Ho‚Ä¶"
"RT @fanatelevision: #Ethiopia: Ministries, #WFP sign a 20M Birr agreement in response to #COVID19 https://t.co/aNDR191H4S https://t.co/LMhX‚Ä¶"
The race of a vaccine against SARS-COV-2 is running fast worldwild with the highest expectation rarely seen. Phase‚Ä¶ https://t.co/dy8H4jm3HU
RT @DrJamesEHansen: Race is on ‚Äì 2020 the hottest year or 2016? What can we learn? The race can entertain us this year: https://t.co/MRsraj‚Ä¶
"RT @Shirastweet: ‚≠êInsights In Tech‚≠ê
Great discussion with @rayrothrock about #investing during this #pandemic #COVID19 &amp; beyond We also dis‚Ä¶"
"RT @MileyCyrus: Spain, you united in solidarity with Black Lives Matter in the US. We must keep standing together to tackle #COVID19 and it‚Ä¶"
"RT @APassaroMD: üö®üÜïJust out on @TheLancetOncol the TERAVOLT study, evaluating the impact of #COVID19 in pts w/ thoracic cancers #LCSM
üëâüèªOur‚Ä¶"
RT @CoachRichPerry: Hearing the same upsetting and negative news stories over and over again will increase chances for developing a doom an‚Ä¶
RT @GaviSeth: Powerful visualization of the global burden of #COVID19. These statistics lay bare the fact that we must all work together to‚Ä¶
"RT @francesc: On May 25th almost two thousand people resuscitated.

It's a MIRACLE!

#COVID19 https://t.co/f3uoyvB1KM"
"RT @CelineCrevelier: How to be #Innovative during a worldwide crisis?
#OrangeStartup is #Proud to highlight the #Startups of its ecosystem‚Ä¶"
"In the last two weeks, the cumulative number of confirmed #COVID19 cases has grown by:

‚Ä¢ 73% in South America
‚Ä¢ 68‚Ä¶ https://t.co/hSSb3uRTuG"
"RT @briebriejoy: I empathize with the sense of urgency, but shaming doesn‚Äôt work. 

Another strategy is to push Biden to support policies l‚Ä¶"
"RT @TomthunkitsMind: GET LIVE #COVID19 UPDATES. THESE ARE UPDATED QUICKER THAN TV NEWS WITH AN INTERACTIVE MAP.
GO TO https://t.co/d6WGpeqs‚Ä¶"
"RT @ZeppLaRouche: Agriculture-Food Processing is subject to multiple attacks world wide: #COVID19, ruinous #FreeTrade, Environmentalism. Fa‚Ä¶"
"RT @cassandra17lina: #TrumpGolf might help #Trump visualize 115,000 American #COVID19 deaths. There are 18 holes on a course. Let‚Äôs say eac‚Ä¶"
"RT @iamGrvJ: How CEOs Can Win the Fight and Transform to Win the Future

#COVID19 #coronavirus #global #economy #healthtech #healthcare #ma‚Ä¶"
"RT @sanchezcastejon: Spain is coleader in initiatives such as the ACT-Accelerator to achieve equitable access to vaccines, treatments and d‚Ä¶"
Mh pardon ? üòÖ
"RT @IPAWorldorg: 3 days to go!
Join @IPAWorldorg @UNICEF @WHO Spanish Webinar on ""Vaccination during the #COVID19 Pandemic, on 16th June 20‚Ä¶"
RT @NnamdiFans: The new shiny Chinese face of #TheZooCalledNigeria after Jubril had died of the #COVID19 along with Abba Kyari. @MaziNnamdi‚Ä¶
"RT @QuickTake: As at least 22 U.S. states experience #Covid19 infection spikes, both Dr. Anthony Fauci and the @WHO's @DrTedros believe the‚Ä¶"
"RT @sanchezcastejon: Spain is coleader in initiatives such as the ACT-Accelerator to achieve equitable access to vaccines, treatments and d‚Ä¶"
"RT @PippaCrerar: The Government has repeatedly told us that coronavirus ‚Äúdoesn‚Äôt discriminate‚Äù between people - but it absolutely does. 

I‚Ä¶"
RT @ernestngBRO: If #covid19 was an anime PART 11 (1/3) https://t.co/PPdKJE1NM4
"RT @PIM_CGIAR: Recording of our #webinar w/@IFPRI @USAIDBurma @CANRatMSU on ""Assessing the impact of #COVID19 on #Myanmar's economy &amp; the i‚Ä¶"
RT @distinguishedw2: Got to retain a sense of humour üòä contact us today üè≥Ô∏è‚Äçüåà #recruitment #recruitmentagencies #jobs #JobSeekersSA #COVID19‚Ä¶
Imperial College docs using #Microsoft #HoloLens2 for #COVID19 ward rounds https://t.co/ojk3QCk49D
RT @ajplus: The Navajo Nation has the highest #COVID19 infection of anywhere in the U.S. Meet the volunteers who are fighting back to save‚Ä¶
"RT @undpturkiye: Results of @business4goals survey on the impacts of #COVID19 on enterprises in üáπüá∑ are published!

üìåCrisis mostly hit micro‚Ä¶"
"RT @YourAnonNews: Yesterday, there were 140,927 new cases of #COVID19 and 4,603 additional deaths were reported in the past 24 hours.

This‚Ä¶"
"""At the end of the day, #African #Billionaires could do so much more to support tackling the spread of #COVID19 and‚Ä¶ https://t.co/4pcYBJyLT2"
Thank you @g20org for inviting @ITF_Forum to share our insights on how govts can use C-19 crisis to achieve‚Ä¶ https://t.co/VavGpzVeN5
"RT @francediplo_EN: #COVID19 
Travel restrictions to France from European countries will be lifted from 15 June, except:
By ‚úàÔ∏èfrom üá™üá∏: rest‚Ä¶"
"RT @Refinitiv: Old Crime, New Tricks? Phil Cotter, Managing Dir. of #Refinitiv's Risk Business, discusses money laundering &amp; the evolving t‚Ä¶"
RT @ajplus: The Navajo Nation has the highest #COVID19 infection of anywhere in the U.S. Meet the volunteers who are fighting back to save‚Ä¶
The latest France Infos! https://t.co/4HvY0AUn99 #municipales #covid19
"In light of the extraordinary impact of the #Covid19 pandemic &amp; resulting lockdown measures on the energy system, w‚Ä¶ https://t.co/vJ5jVoaJOi"
"RT @kiz4breakfast: #whiteOnWhite crime in our country I am appalled, how are you going to deal with this ????? I am scared to go outside  @‚Ä¶"
"RT @francediplo_EN: #COVID19 
Travel restrictions to France from European countries will be lifted from 15 June, except:
By ‚úàÔ∏èfrom üá™üá∏: rest‚Ä¶"
"RT @LotusOak2: ""How many people who have died from #COVID19 (not those inflated numbers) have a history of adult vaccination in the last 5,‚Ä¶"
RT @soyjuancarrasco: Helou Miley Ray. You can also count with me. Spain is open for you. LOGRO√ëO is open for you and I invite you to singin‚Ä¶
RT @ThatTimWalker: This will be an odd chapter in The Decline and Fall of Great Britain. In the same month Michael Gove committed the count‚Ä¶
"RT @StephenMcDonell: In #Beijing a new cluster of #covid19 cases emanating from, wait for it, a seafood market. Footage appears to show hun‚Ä¶"
RT @tmprowell: The US has performed its first double lung transplant for lung damage caused by #COVID19. The recipient is a 20 yr old woman‚Ä¶
"RT @UN_Women: In some countries, #COVID19 infections among female health workers are 2x that of their male counterparts. 

Governments must‚Ä¶"
RT @colvilleandersn: Again the tables in my favourite street - great Friday night. The loosened #covid19 regulations for taking back urban‚Ä¶
"RT @sanchezcastejon: Spain is coleader in initiatives such as the ACT-Accelerator to achieve equitable access to vaccines, treatments and d‚Ä¶"
RT @ajplus: The Navajo Nation has the highest #COVID19 infection of anywhere in the U.S. Meet the volunteers who are fighting back to save‚Ä¶
"#USA Champions du monde... ""Seattle #coronavirus survivor gets a $1.1 million, 181-page hospital bill"" #covid19 https://t.co/NJ8fG6K8C9"
"When an unpredictable, powerful force strikes an already unstable world, it is natural to hold breath thinking abou‚Ä¶ https://t.co/c0grxuNGTA"
"It is an unprecedented #scandal that a political party @mszptweet @istvan_ujhelyi during #COVID19, itself produces‚Ä¶ https://t.co/qarzPmwHyf"
"RT @BogochIsaac: Interesting data on asymptomatic #COVID19 infection from  the Diamond Princess ship.

Of 96 people who were asymptomatic a‚Ä¶"
RT @safeinternetday: Ensuring #children have access to high-quality positive online experiences can empower them to become active citizens.‚Ä¶
Yep kourou..
"RT @MHafeez22: U r a Fighter by Nature &amp; M sure U wil fight &amp; wil Defeat this Virus soon,  Best wishes for U to Get well soon ü§≤üèº"
RT @HRCP87: Thread: HRCP is deeply concerned by news from the Middle East where hundreds of thousands of Pakistani #labourers - now jobless‚Ä¶
The Simple Reason Why #COVID19 #Data Is So Confusing https://t.co/AgCt96a6Xp
"The #OECD message is clear: in the face of unprecedent health and economic impact of #COVID19: protect people, part‚Ä¶ https://t.co/0ANfzcF0O9"
"RT @1CryptoPodcast: Can you help? 

I'll give you 5 Sats for 100,000 of your sats.

All funds raised used to pay rent, buy gas, pay the ele‚Ä¶"
How the #luxury #hotel industry is accelerating its #digital revolution in the #postCovid era ? #Digital‚Ä¶ https://t.co/I5T4VVQpBy
"RT @kiz4breakfast: #whiteOnWhite crime in our country I am appalled, how are you going to deal with this ????? I am scared to go outside  @‚Ä¶"
RT @JNJInnovation: How has public perception of innovation changed since the emergence of #COVID19? Hear from @SeemaJJIC &amp; watch the full #‚Ä¶
