" That is unbelievable! (Although, should we be actually surprised?) Let it develop, it will be a big scandal, hope, not obscured by #Coronavirus"
"Germano Celant, Passionate Defender of Italian Contemporary Art, Is Dead at 80 of Coronavirus-Related Causes https://www.artnews.com/art-news/news/germano-celant-arte-povera-dead-1202685181/ przez @artnews"
"Recovered, almost: China's early patients unable to shed coronavirus | Article [AMP] | Reuters "
"Coronavirus sucks. Okay, I like to stay at home and away from people. But guys! Not almost 2 months! It's too much"
Potential #Coronavirus treatment being tested by @GileadSciences (stock ticker GILD) Px hovering around $85/share prior to FDA approval. Sticking w/ #btc though Up 12.85% today alone #crypto #stacksats #btc
"Coronavirus, how dare you!"
#coronavirus #COVID19 Data from http://www.ecdc.europa.eu
#coronavirus #COVID19 Data from http://www.ecdc.europa.eu
#coronavirus #COVID19 Data from http://www.ecdc.europa.eu
"Good evening New Cross, please listen to advice from the government regarding Coronavirus and let‚Äôs keep everyone safe"
"Nouriel Roubini on Coronavirus: ""This Crisis Will Spill Over and Result in a Disaster"" "
"The World Health Organization on Thursday declared the coronavirus outbreak that started in Wuhan, China, a global health emergency At least 200 people have died and more than 9,000 other people have caught the virus ‚Äî more than the during the 2003 SARS "
What Actually Happens If You Get Coronavirus? https://youtu.be/OTYfke545vI przez @YouTube
#coronavirus prediction #wuhan #china #CoronavirusOutbreak #breaking #news
"aktualny stan Total reported coronavirus cases in China (as of 1.17am Fri Jan 31) 8,163 confirmed 12,167 suspected 136 recovered 171 deaths"
"China's Hubei says coronavirus #2019nCoV deaths rise to 204 in province, raising the total death toll for China to at least 212."
BBC News - Coronavirus declared global health emergency by WHO https://www.bbc.co.uk/news/world-51318246
Another victim of coronavirus
Why hasn't any over priced fashion companies like OFF-WHITE or Supreme made limited edition face masks for the Coronavirus outbreak. Don't act like capitalism has morals.
Coronavirus Outbreak News Ticker 01/30 
Jesus Christ. How could anyone tell you they serve dog in Beijing... It's like writing news about #coronavirus originating in Minnesota.
"@Polandin_com just because the coronavirus came to light in China this doesn't mean it's ""Chinese"". @WHO named it #COVID19 to prevent people or countries becoming stigmatised. You should change this. #Coronavirus"
"Even 200 people might have died in #Iran because of the #coronavirus outbreak. The disgusting and inhuman american sanctions are one thing. The second thing is the incompetence of the authorities - sadly I must admit It, although I fully support Iran... #COVID2019 #COVID19"
Belarus has covid19 too
The most important from @WHO https://www.who.int/docs/default-source/coronaviruse/who-china-joint-mission-on-covid-19-final-report.pdf Many countries are not ready to meat #COVID19. At all. 
RT @Anon__Truther: @stranger_poetry @SamiSoderlund @WereldPijnCafe @Urylle @ForFreeSpeech1 @billBel80925644 @400fortyfour @TheGamingGround‚Ä¶
"We fight COVID-19#KORONAWIRUS,
SHOW THAT YOU ARE GOOD AND NOBLE!!!
PAYMENT ACCOUNT:
BNP Paribas Bank Polska   BIC:‚Ä¶ https://t.co/ryEUG9Bx3e"
"RT @DarrenEuronews: Top 5 countries üåç with highest number of #coronavirus cases

1. üá∫üá∏ USA (Trump)
2. üáßüá∑ Brazil (Bolsonaro)
3. üá∑üá∫ Russia (P‚Ä¶"
"RT @sppajakw: RT
THE POLISH GOVERNMENT IS VIOLATING #humanrights !!!
BEING LGBT+ IS NOW BANNED
#coronavirus #BLACKPINKISCOMING #COVID__19 #‚Ä¶"
RT @SAfridiOfficial: I‚Äôve been feeling unwell since Thursday; my body had been aching badly. I‚Äôve been tested and unfortunately I‚Äôm covid p‚Ä¶
RT @Italian_Style: #ZAZZLE Glittered Italian Flag Cloth Face Mask https://t.co/vBTzb6Wu4O @zazzle #elenaindolfi #elenaind #italianstyle #fa‚Ä¶
"RT @FAO: Our food systems are failing us. And #COVID19 is making things worse.

We must invest in the future &amp; transform our food systems t‚Ä¶"
"RT @euronews: The EU has identified 'pro-Kremlin sources' as the architects of #COVID19 #disinformation, says Vƒõra Jourov√°, EU Commission v‚Ä¶"
RT @MileyCyrus: All across Ireland üáÆüá™ citizens joined in solidarity with Black Lives Matter in the US. We must stay united with the world t‚Ä¶
RT @Poland_MOD: Today we thank all the Military Police @Zandarmeria üáµüá± soldiers for their service. We also thank for their fight with #COVI‚Ä¶
"RT @timesofindia: HC directs Centre, Delhi govt to increase beds, ventilators for #Covid19 patients in the national capital. HC says it exp‚Ä¶"
RT @antonioguterres: We have seen such a widespread and damaging expansion of #COVID19 in large part because our multilateral system is not‚Ä¶
RT @globaltimesnews: E.China's #Hangzhou carried out thorough monitoring on the sales of salmon in the supermarkets Sat following reports t‚Ä¶
"RT @OffGuardian0: Let's be clear - whatever the motivation/good intentions of isolated individuals may have been, the degree of coordinatio‚Ä¶"
"RT @YourAnonNews: Yesterday, there were 140,927 new cases of #COVID19 and 4,603 additional deaths were reported in the past 24 hours.

This‚Ä¶"
"RT @YourAnonNews: Yesterday, there were 140,927 new cases of #COVID19 and 4,603 additional deaths were reported in the past 24 hours.

This‚Ä¶"
"RT @sanchezcastejon: Spain is coleader in initiatives such as the ACT-Accelerator to achieve equitable access to vaccines, treatments and d‚Ä¶"
"RT @SpokespersonCHN: Plain narrative of China's response to #COVID19 is NOT disinformation, while attacking and smearing China IS. In the f‚Ä¶"
Decoding COVID-19's Achilles' heel to inspire new treatments  #covid19 #covid19research #research https://t.co/x76IqpoNvc
"RT @ondadias: #AirQualityMonitoring on ONDA [7]

The decrease in #NitrogenDioxide concentrations during #COVID19 lockdown as measured by th‚Ä¶"
"RT @rohitkhilnani: This is very sad! 
Guys here is a reminder.. lockdown may be lifted, #Covid is very much around! 
#StayHome #Mumbai"
"RT @Saj_PakPassion: Gautam Gambhir ""Nobody should be infected with this virus. I have political differences with Shahid Afridi but I want h‚Ä¶"
"RT @Ironhorse76: Let's get this show on the road!  FOLLOW ALL WHO: 

LIKE 
RT
COMMENT 

Nov will soon be upon us &amp; the #OrangeShitGibbon mu‚Ä¶"
"RT @EdKiernanNYC: Are you social distancing ... if not, this #tech will catch you!  üö® 

Amazing #technology that uses #AI and #MachineLearn‚Ä¶"
"RT @MirkaSlonka: @Laweta2 Why does Antifa not steal diamonds
Don‚Äôt bite the hand that feeds it. üò∫
@Autolikos1 @piotrbe4 @NiezalenyM @Albert‚Ä¶"
