New Zealand Beat the Coronavirus ‚Äì and Has Three Lessons for Brazil https://riotimesonline.com/brazil-news/brazil/politics-brazil/new-zealand-beat-the-coronavirus-and-has-three-lessons-for-brazil/?utm_source=dlvr.it&amp;utm_medium=twitter
Bolsonaro‚Äôs ‚Äòso what‚Äô response to coronavirus deaths is the latest in his spiraling political crisis https://www.pri.org/stories/2020-04-29/bolsonaro-s-so-what-response-coronavirus-deaths-latest-his-spiraling-political?utm_source=dlvr.it&amp;utm_medium=twitter
Hopes rise in coronavirus battle as US scientists hail drug trial https://www.channelnewsasia.com/news/world/hopes-rise-covid-19-coronavirus-scientists-hail-drug-trial-12689692?utm_source=dlvr.it&amp;utm_medium=twitter
Taiwan's Coronavirus Moment ‚Äî And Delicate Balancing Act - NPR https://news.google.com/__i/rss/rd/articles/CBMiXmh0dHBzOi8vd3d3Lm5wci5vcmcvMjAyMC8wNC8yOS84NDczMDg0MzMvdGFpd2Fucy1jb3JvbmF2aXJ1cy1tb21lbnQtYW5kLWRlbGljYXRlLWJhbGFuY2luZy1hY3TSAQA?oc=5&amp;utm_source=dlvr.it&amp;utm_medium=twitter
Palestinians working in Israel face coronavirus dilemma - BBC News https://news.google.com/__i/rss/rd/articles/CBMiM2h0dHBzOi8vd3d3LmJiYy5jb20vbmV3cy93b3JsZC1taWRkbGUtZWFzdC01MjQ3MDcxONIBN2h0dHBzOi8vd3d3LmJiYy5jb20vbmV3cy9hbXAvd29ybGQtbWlkZGxlLWVhc3QtNTI0NzA3MTg?oc=5&amp;utm_source=dlvr.it&amp;utm_medium=twitter
Coronavirus is telling us to be a citizen of our country ‚Äì and our world https://www.scmp.com/week-asia/opinion/article/3082210/coronavirus-telling-us-be-citizen-our-country-and-our-world?utm_source=dlvr.it&amp;utm_medium=twitter
Coronavirus is hitting Iowa harder than many of its bordering states: https://www.desmoinesregister.com/story/news/health/2020/04/29/coronavirus-hitting-iowa-harder-than-illinois-minnesota-missouri-nebraska-south-dakota-wisconsin/3042881001/ via @DMRegister
"WHO: Sweden, which avoided mass coronavirus lockdowns, should be 'model' for the world https://www.foxnews.com/world/who-sweden-which-avoided-mass-coronavirus-lockdowns-should-be-model-for-the-world?utm_source=dlvr.it&amp;utm_medium=twitter"
Navy opens full investigation into coronavirus-stricken USS Theodore Roosevelt https://www.foxnews.com/us/navy-opens-full-investigation-coronavirus-stricken-uss-theodore-roosevelt?utm_source=dlvr.it&amp;utm_medium=twitter
Coronavirus: How does contact tracing work and is my data safe? https://www.bbc.co.uk/news/explainers-52442754?utm_source=dlvr.it&amp;utm_medium=twitter
Coronavirus: Madrid's balcony cinema screens films for people in lockdown https://www.bbc.co.uk/news/world-europe-52443601?utm_source=dlvr.it&amp;utm_medium=twitter
Coronavirus: Searching for truth behind Spain's care home tragedy https://www.bbc.co.uk/news/world-europe-52188820?utm_source=dlvr.it&amp;utm_medium=twitter
An unlikely coronavirus hotspot in forgotten US corner https://www.bbc.co.uk/news/world-us-canada-52460408?utm_source=dlvr.it&amp;utm_medium=twitter
Facebook shares soar 10% despite impact of coronavirus on ad sales https://fortune.com/2020/04/29/facebook-q1-earnings-coronavirus-ads-slowdown/?utm_source=dlvr.it&amp;utm_medium=twitter
Larry Brilliant: How to end the COVID-19 pandemic https://www.gzeromedia.com/how-to-end-the-covid-19-pandemic #COVID19 #CoronaVirus #Corona
How Southern Politics are Failing One Town‚Äôs #CoronaVirus Response. (Politico) #COVID„Éº19 #COVID19 #CoronaVirusOutbreak #CoronaVirusPandemic https://buff.ly/3a2bKKk
New ‚ÄòThe Bachelor‚Äô Series Set for Summer Following ‚ÄòBachelorette‚Äô Coronavirus Shutdown (EXCLUSIVE) https://variety.com/2020/tv/news/the-bachelor-new-summer-series-bachelorette-coronavirus-shutdown-1234591220/ via @variety
"Gilead's coronavirus treatment remdesivir just succeeded in a crucial study, raising hopes for a first COVID-19 drug https://www.businessinsider.com/coronavirus-treatment-gilead-says-positive-data-remdesivir-from-niaid-study-2020-4?utmSource=twitter&amp;utmContent=referral&amp;utmTerm=topbar&amp;referrer=twitter via @businessinsider"
Houston Astros block World Series* ring being auctioned off for coronavirus charity http://hill.cm/sAvu3zq
How #SmartCities Are Protecting Against #CoronaVirus But Threatening #Privacy. (Forbes) https://buff.ly/2V6yDrY
The whole world saw an idiot Trump suggests 'injection' of disinfectant to beat coronavirus and 'clean' the lungs https://www.nbcnews.com/politics/donald-trump/trump-suggests-injection-disinfectant-beat-coronavirus-clean-lungs-n1191216 via @nbcnews
"From @farwell_WR: Extraordinary times call for extraordinary measures, and we have seen such measures from all levels of government during the coronavirus crisis. "
"Britons welcome in EU this summer if coronavirus restrictions lifted, European Commission says "
The World Is Still Far From Herd Immunity for Coronavirus 
Coronavirus: Belgian Prince Joachim tests positive after lockdown party‚Äîin Spain. 
#Twitter to label disputed #CoronaVirus tweets. (USA Today) #SocialMedia #COVID„Éº19 #COVID19 #CoronaVirusOutbreak #CoronaVirusPandemic https://buff.ly/2WBzaCZ
"Sooo is #coronavirus like not a thing anymore?? Lotta people at the protests, not much social distancing or masks"
Are #coronavirus #ContactTracingApp able to slow the spread of #COVID19 ? Several groups are creating protocols struggling with pitfalls and lack of efficacy - here is an update by @MarkZastrow #pandemic #lockdown
Coronavirus: Pret a Manger plans rent talks in bid to avoid closures https://www.bbc.co.uk/news/business-52862678?utm_source=dlvr.it&amp;utm_medium=twitter
How the coronavirus could be prevented from invading a host cell 
Coronavirus: Belgian Prince Joachim tests positive after lockdown party - BBC News https://news.google.com/__i/rss/rd/articles/CBMiLmh0dHBzOi8vd3d3LmJiYy5jb20vbmV3cy93b3JsZC1ldXJvcGUtNTI4NjQwNzLSATJodHRwczovL3d3dy5iYmMuY29tL25ld3MvYW1wL3dvcmxkLWV1cm9wZS01Mjg2NDA3Mg?oc=5&amp;utm_source=dlvr.it&amp;utm_medium=twitter
"Romania's Orban breaches own coronavirus rules, pays fine https://www.channelnewsasia.com/news/world/romania-s-orban-breaches-own-coronavirus-rules--pays-fine-12787978?utm_source=dlvr.it&amp;utm_medium=twitter"
Belgium Prince tests positive for the Coronavirus after attending a lockdown party https://www.reddit.com/r/worldnews/comments/gtllaq/belgium_prince_tests_positive_for_the_coronavirus/?utm_source=dlvr.it&amp;utm_medium=twitter
"Pope Calls For Action To ""End Pandemic Of Poverty"" After Coronavirus https://www.ndtv.com/world-news/coronavirus-pope-francis-calls-for-action-to-end-pandemic-of-poverty-after-coronavirus-2238027?utm_source=dlvr.it&amp;utm_medium=twitter"
Rick McDaniel: Coronavirus church reopening ‚Äì Services start Sunday. Here's the key question https://www.foxnews.com/opinion/coronavirus-church-reopening-sunday-key-question-rick-mcdaniel?utm_source=dlvr.it&amp;utm_medium=twitter
We do have unlimited money for war. We have unlimited funding for the Coronavirus. We don't have money to make sure everyone that is legal to vote can vote?
Kelly Ripa‚Äôs Best Coronavirus Clap Back Revealed https://celebrityinsider.org/kelly-ripas-best-coronavirus-clap-back-revealed-401715/?utm_source=dlvr.it&amp;utm_medium=twitter
Coronavirus: Belgian Prince Joachim tests positive after lockdown party https://www.bbc.co.uk/news/world-europe-52864072?utm_source=dlvr.it&amp;utm_medium=twitter
Ten positive coronavirus tests in English Championship https://www.channelnewsasia.com/news/sport/ten-positive-coronavirus-tests-in-english-championship-12787992?utm_source=dlvr.it&amp;utm_medium=twitter
Delhi-Moscow Air India flight returns midway after pilot found positive for coronavirus 
Exclusive: Chinese scientists '99% confident' their coronavirus vaccine will work - Sky News 
Coronavirus: Trump faces backlash after US quits WHO - BBC News https://news.google.com/__i/rss/rd/articles/CBMiMWh0dHBzOi8vd3d3LmJiYy5jb20vbmV3cy93b3JsZC11cy1jYW5hZGEtNTI4NjI1ODjSATVodHRwczovL3d3dy5iYmMuY29tL25ld3MvYW1wL3dvcmxkLXVzLWNhbmFkYS01Mjg2MjU4OA?oc=5&amp;utm_source=dlvr.it&amp;utm_medium=twitter
"WHO reports single-day increase in coronavirus cases by over 116,000 https://tass.com/society/1162215?utm_source=dlvr.it&amp;utm_medium=twitter"
"That's like saying 1,000,000 have not died from #coronavirus they died from the underlying condition of being old and having a week immune system???? #protests #mineapolis #goergefloyd #JusticeForGeorgeFloyd"
"Coronavirus? Pandemic? For many in Sweden, life goes on..... But Sweden's coronavirus approach is not a model to copy."
"As China's coronavirus shutdowns end, levels of air pollutants rise to traditional levels again https://www.foxnews.com/science/chinas-covid-19-shutdowns-end-levels-of-air-pollutants-rise-to-traditional-levels-once-more?utm_source=dlvr.it&amp;utm_medium=twitter"
Women's rights around the world in times of the coronavirus pandemic: Joint Statement by the High Representative/Vice-President Josep Borrell and Commissioners Jutta Urpilainen and Janez Lenarƒçiƒç - World - ReliefWeb https://reliefweb.int/report/world/women-s-rights-around-world-times-coronavirus-pandemic-joint-statement-high?utm_source=dlvr.it&amp;utm_medium=twitter
Coronavirus live news: deaths surge in Brazil and Russia as Trump says US is quitting WHO 
Vietnam: How this country of 95 million kept its coronavirus death toll at zero 
"we ain't forget sis said coronavirus was made up tho, then was tested positive "
Why is coronavirus killing BAME Britons? https://www.aljazeera.com/programmes/thestream/2020/05/coronavirus-killing-bame-britons-200527202930344.html?utm_source=dlvr.it&amp;utm_medium=twitter
My 2020 mantra manifestation Protected connected; safer apart #coronavirus #StayHome #Quarantine
Belgian prince tests positive for coronavirus after attending gathering in Spain https://www.reddit.com/r/worldnews/comments/gthwxr/belgian_prince_tests_positive_for_coronavirus/?utm_source=dlvr.it&amp;utm_medium=twitter
#BellyMujinga was a transport worker who died after being spat at by someone with coronavirus symptoms. Sign this petition to help her family get justice in her name 
American Airlines pilots sue to halt US-China flights amid coronavirus epidemic https://www.reddit.com/r/worldnews/comments/ewcrq4/american_airlines_pilots_sue_to_halt_uschina/?utm_source=dlvr.it&amp;utm_medium=twitter
WHO declares coronavirus global emergency as death toll rises https://www.aljazeera.com/news/2020/01/declares-coronavirus-global-emergency-death-toll-rises-200130231243350.html?utm_source=dlvr.it&amp;utm_medium=twitter
China's Coronavirus Epidemic Will Impact The Global Economy http://warnewsupdates.blogspot.com/2020/01/chinas-coronavirus-epidemic-will-impact.html?utm_source=dlvr.it&amp;utm_medium=twitter
Watchdog says they are no confirmed cases of new coronavirus in Moscow 
"Wuhan is running low on food, hospitals are overflowing, and foreigners are being evacuated as panic sets in after a week under coronavirus lockdown https://www.reddit.com/r/worldnews/comments/ewdpdz/wuhan_is_running_low_on_food_hospitals_are/?utm_source=dlvr.it&amp;utm_medium=twitter"
'Art Basel Hong Kong 2020 Needs to Be Put Out of Its Misery': Exhibitors Demand Answers as Coronavirus Fears Mount. Pressure is mounting on organizers to decide the fate of the fair‚Äîfast. By @KinsellaEK
Holiday spots in southern Thailand face hard times after coronavirus outbreak https://www.channelnewsasia.com/news/asia/holiday-spots-southern-thailand-hard-times-coronavirus-outbreak-12371946?utm_source=dlvr.it&amp;utm_medium=twitter
U.S. Response To The Coronavirus Outbreak http://warnewsupdates.blogspot.com/2020/01/us-response-to-coronavirus-outbreak.html?utm_source=dlvr.it&amp;utm_medium=twitter
New coronavirus first confirmed in Italy ‚Äî media https://tass.com/world/1114903?utm_source=dlvr.it&amp;utm_medium=twitter
'Good' news: Passenger on board Costa Smeralda suffers common flu http://bit.ly/2GC9cpZ #CostaSmeralda #coronavirus #travel
World Health Organization declares coronavirus a global health emergency https://nypost.com/2020/01/30/world-health-organization-declares-coronavirus-a-global-health-emergency/?utm_source=twitter_sitebuttons&amp;utm_medium=site%20buttons&amp;utm_campaign=site%20buttons via @nypost
Coronavirus: China confident it can fight outbreak https://www.jpost.com/Breaking-News/Coronavirus-China-confident-it-can-fight-outbreak-616038?utm_source=dlvr.it&amp;utm_medium=twitter
WHO declares global emergency over new coronavirus outbreak https://newsinfo.inquirer.net/1222114/who-declares-global-emergency-over-new-coronavirus-outbreak?utm_source=dlvr.it&amp;utm_medium=twitter
Coronavirus declared global health emergency by WHO l ABC News - ABC News 
Russia closes border with China to prevent spread of the coronavirus - CNBC https://news.google.com/__i/rss/rd/articles/CBMiYmh0dHBzOi8vd3d3LmNuYmMuY29tLzIwMjAvMDEvMzAvY29yb25hdmlydXMtcnVzc2lhLWNsb3Nlcy1ib3JkZXItd2l0aC1jaGluYS10by1wcmV2ZW50LXNwcmVhZC5odG1s0gFmaHR0cHM6Ly93d3cuY25iYy5jb20vYW1wLzIwMjAvMDEvMzAvY29yb25hdmlydXMtcnVzc2lhLWNsb3Nlcy1ib3JkZXItd2l0aC1jaGluYS10by1wcmV2ZW50LXNwcmVhZC5odG1s?oc=5&amp;utm_source=dlvr.it&amp;utm_medium=twitter
WHO Declares Public Health Emergency for Novel Coronavirus http://www.medscape.com/viewarticle/924596?src=rss&amp;utm_source=dlvr.it&amp;utm_medium=twitter
WHO declares public health emergency over coronavirus http://www.beijingbulletin.com/news/263876875/who-declares-public-health-emergency-over-coronavirus?utm_source=dlvr.it&amp;utm_medium=twitter
WHO Declares Coronavirus a Global Health Emergency http://www.beijingbulletin.com/news/263876866/who-declares-coronavirus-a-global-health-emergency?utm_source=dlvr.it&amp;utm_medium=twitter
Israel suspends flights to China due to coronavirus outbreak http://www.beijingbulletin.com/news/263876848/israel-suspends-flights-to-china-due-to-coronavirus-outbreak?utm_source=dlvr.it&amp;utm_medium=twitter
WHO Declares Global Coronavirus Health Alert But No Travel Ban http://www.beijingbulletin.com/news/263876846/who-declares-global-coronavirus-health-alert-but-no-travel-ban?utm_source=dlvr.it&amp;utm_medium=twitter
US confirms first case of person-to-person spread of coronavirus 
OWL cancels China matches due to coronavirus 
Coronavirus: China says all countries should behave in responsible manner https://www.jpost.com/Breaking-News/Coronavirus-China-says-all-countries-should-behave-in-responsible-manner-616036?utm_source=dlvr.it&amp;utm_medium=twitter
First case of new coronavirus in Moscow not confirmed ‚Äî authorities 
What Is Life Like For Those Who Are Living At Ground Zero Of The Coronavirus Outbreak http://warnewsupdates.blogspot.com/2020/01/what-is-life-like-for-those-who-are.html?utm_source=dlvr.it&amp;utm_medium=twitter
Patient who tested positive for coronavirus stable: Kerala Health Minister https://www.aninews.in/news/national/general-news/patient-who-tested-positive-for-coronavirus-stable-kerala-health-minister20200131043650/?utm_source=dlvr.it&amp;utm_medium=twitter
Explainer: Rapid spread of China coronavirus fuels global alarm https://www.channelnewsasia.com/news/world/explainer--rapid-spread-of-china-coronavirus-fuels-global-alarm-12372506?utm_source=dlvr.it&amp;utm_medium=twitter
MSC Cruises takes precautionary public health measures on all ships http://bit.ly/2GET8no #coronavirus #travel #MSCCruises
"Cruise ship passengers quarantined in Italy over coronavirus fears do not have the illness, tests show - The Washington Post "
What will be the impact of the #coronavirus on China‚Äôs economy and on the #ClimateEmergency ? Anyone has seen any good articles?
Coronavirus outbreak in U.S. may depend on this: 'We just don't know yet' says infectious disease doc https://www.foxnews.com/media/coronavirus-u-s-outbreak-contain-emergency?utm_source=dlvr.it&amp;utm_medium=twitter
I‚Äôm so unbelievably repulsed by the amount of racism I‚Äôm seeing towards Asian people just because of the Coronavirus. Disgusting to say the least.
"Levi's shuts half its China stores on coronavirus outbreak, expects financial hit https://www.channelnewsasia.com/news/business/levi-s-shuts-half-its-china-stores-on-coronavirus-outbreak--expects-financial-hit-12372496?utm_source=dlvr.it&amp;utm_medium=twitter"
World Health Organization declares coronavirus an international public health emergency https://www.france24.com/en/20200130-world-health-organization-declares-coronavirus-an-international-public-health-emergency?utm_source=dlvr.it&amp;utm_medium=twitter
Coronavirus spread now a global emergency declares World Health Organization https://news.un.org/feed/view/en/story/2020/01/1056372?utm_source=dlvr.it&amp;utm_medium=twitter
Coronavirus: Satellite images show construction of Wuhan hospitals https://www.foxnews.com/science/coronavirus-satellite-images-wuhan-hospitals-construction?utm_source=dlvr.it&amp;utm_medium=twitter
WHO calls for science and solidarity over coronavirus https://www.aljazeera.com/news/2020/01/calls-science-solidarity-coronavirus-200130200603490.html?utm_source=dlvr.it&amp;utm_medium=twitter
#Coronavirus #malware infects thousands of devices worldwide. Cybercriminals are taking advantage of global fears surrounding the deadly coronvavirus by sending out malware-laden emails supposedly offering guidance.
"Had a NGGI been set up, this would have been much easier to manage. This was hampered thanks to the UN and EU Systems. THEY are responsible for the mismanagement of the coronavirus outbreak!"
I've seen a paper published in the @NEJM call it the Novel Coronavirus (#2019_nCov)-Induced Pneumonia (NCIP)
#Coronavirus declared global health emergency by WHO https://www.bbc.co.uk/news/world-51318246
A single coronavirus case exposes a bigger problem: The scope of undetected U.S. spread is unknown #coronavirus #covid19 
Chinese movie studio upturned its business model due to coronavirus ‚Äì Western companies take note #covid19 #IMD #bytedance https://lnkd.in/dhmjYCW
Very sensible advise from Singapore #COVID19 * it's all about transmission * stay home when symptomatic (droplets) * wash hands and don't touch face (surface transmission) * where mask _only_ when going out ill (to protect others)
#COVID19 A growing list of new vaccines and therapies in development. 
"A place of innovation, creating unique experiences for tourists around the world and jobs for the ones working in the tourist industry. At #ITBBerlin I learned blogging, got many amazing memories are attached to it. It's so sad #COVID19 prohibits it but I am glad for lives saved. "
"If legit, seems like another clue that this has some serious troubles spreading in warmer climates. #covid19 "
"Hmm, and what has the EU done to prepare EU MS for #coronavirus #covid19? "
"https://m.youtube.com/watch?v=JuiHJ1V-MnY if you know that 95% of Hongkongers wear a mask these days, you can't help asking why arent the expats in town wearing one #COVID19 #Hongkong #awareness"
"Possible outcome (not sure) : there could actually be _less_ people dying from winter illness this winter. People will get very careful because of #COVID19 , by that will reduce transmission ratio and transmit _less_ Flu"
South Korea is handling this public health crisis just divine: no panic but broad screening every possible contact to identifiy cases in an early stage and prevent worse. What a contrast with the European Union: we should watch and learn! #covid19 #coronavirus
"But indeed the truth all jumps in our faces now: the US and the whole of the European Union are underdeveloped countries only kept up appearances. Singapore, South Korea, Vietnam, ... even China and Russia ... the real winners able to handle an epidemic! #coronavirus #covid19"
DO NOT GO THE DOCTOR IF YOU ARE SICK! Just give him a phone call! In the - unlikely case - that you have #COVID19 you really do not want to infect the doctor! Please act responsible (as you clearly want to do).
"This is how a country of perfection South Korea handles #coronavirus #COVID19 Using all technology, means and equipment to the maximum to keep their citizens safe and lookout for new patients before they even realise they are ill, so treatment can start imminent. Congrats!! "
The best piece I have seen yet on #covid19 from @BillGates
"Checklist for hospitals preparing for the reception and care of #COVID19 patients, based on the current knowledge of the outbreak "
"- @WHO DG warns that the world is at a ""decisive point"" to tackle the #coronavirus outbreak. - The number of newly confirmed #COVID19 cases in Hubei except for Wuhan has dropped to single-digit for the first time. Read out latest update https://bit.ly/3cgZQ1s"
" #EU2020HR has decided to hold another extraordinary meeting of EU Health Ministers on the topic of #COVID19. #EPSCO Health Council will take place on Friday, 6 March!"
Vote and retweet! #coronavirus #covid19 #covid19japan #covid19korea #CoronaVirusUpdates #Tokyo2020
"Watching the @WHO #COVID19 live daily briefing. The toxicity level of the live comments on the broadcast scare me more than the actual virus itself. Ignorance, rumour spreading and blatant racism, to name but a few... "
"China will continue to provide assistance to Iran in fight against #COVID19, FM Wang Yi said in a phone call with Iranian FM @JZarif. China has donated a batch of nucleic acid test kits and medical supplies to Iran, and will continue to provide assistance http://bit.ly/2T76O1t."
We have free CCAs available as part of the @CochraneLibrary Special Collection on the Coronavirus (COVID-19): evidence relevant to critical care. #COVID19 #coronavirus http://ow.ly/xQf250yxsdU
#Artificialntelligent is being used to study the outbreak‚Äôs spread and is powering the search for #COVID19 treatments #DigitalTransformation
Pet owners concerned about #coronavirusus &amp; their pets? Vets can get info on #COVID19 via @FecavaVets @FVEurope
"‚ÄúResilience is about education, #COVID19 will not be the last emergency faced by Europe,‚Äù said Latvian Deputy Prime Minister and Defence Minister @Pabriks in a conversation with @BrianMaguireEU. Watch the full interview here: https://eurac.tv/9Rpg"
Vote for this poll and retweet! #coronavirus #covid19 #covid19japan #covid19korea #CoronaVirusUpdates #Tokyo2020
News 28/2 #COVID19 protection equipment to &amp; industry impact #InvestmentPlan in Energy efficiency projects in #Quantum comms - Partnership &amp; Cooperation Agreement #StateAid in (#Corsica maritime services &amp; natural gas storage) #Mergers
Thank you for this. On a sidenote: the rhinoviruses - the group most involved in common cold - are actually more active spring and fall than winter. The coronaviruses are as a group mostly wintery viruses. Says nothing abt #COVID19 of course. source: https://emedicine.medscape.com/article/227820-overview#a0101
It‚Äôs just a matter of protection! #wearekeepingitsafe #COVID19 #CyberSecurity
 The #medtech industry is committed to develop and distribute crucial #medtech that providers &amp; patients everywhere can access in order to help diagnose and fight the #COVID19 public health emergency. Read our statement: http://bit.ly/2Pxr6iO
CORONAVIRUS: Members have contacted us seeking guidance on #coronavirus #COVID19. We advise to follow all guidance from @WHO and the national health authority in each country. Info: http://epoa.eu/coronavirus/
Covid19-SK
"China's swift, well-coordinated response gave the rest of the world some extra time to prepare, we've yet to see evidence of such action - ""the number of newly confirmed cases per day outside of China is now bigger than the new daily number inside of China."" #COVID19 "
"lead scientist Xu Jianguo told the official Xinhua news agency they had found the ""new type"" of coronavirus. https://www.bbc.com/news/world-asia-china-51047576¬†‚Ä¶"
"WHO says new China coronavirus could spread, warns hospitals worldwide.

#Wuhanhttps://lnkd.in/dksVVUY¬†"
"""The initial cases were linked to workers at a market that sold live fish, animals and birds."" Stop selling #animals in these terrible conditions maybe #China ? #virus #coronavirus https://www.nytimes.com/2020/01/08/health/china-pneumonia-outbreak-virus.html¬†‚Ä¶"
The genome sequence of the newest Coronavirus causing outbreaks of #WuhanPneumonia has been released.http://virological.org/t/initial-genome-release-of-novel-coronavirus/319¬†‚Ä¶
"Another case of pneumonia associated with the worlds newest Coronavirus 2019-nCoV from #Wuhan. So far 3 countries (China, Thailand and now Japan), 42 cases and one death. Most cases report to have visited one seafood market in China, others contact withhttps://apnews.com/3845a158612c6cc556c8cb7b91f5d078¬†‚Ä¶"
A glance at the new coronavirus outbreak in China | The Japan Times https://www.japantimes.co.jp/news/2020/01/19/asia-pacific/science-health-asia-pacific/new-coronavirus-outbreak-china/¬†‚Ä¶
Latest #ECDC risk assessment on the cluster of #pneumonia cases caused by a novel coronavirus - #nCoV2019https://lnkd.in/d53PFfG¬†
"4 new cases of Coronavirus confirmed in Wuhan, 2 suspected cases in Shenzhen, 1 Shanghai #china #health #epidemic https://www.hozint.com/?utm_source=twitter__hozint&utm_content=1380643¬†‚Ä¶pic.twitter.com/iUfpJUYFvt"
"Coronavirus: more cases and second death reported in China. It comes as disease-modelling experts warned that far more people may have been affected by the¬†previously unknown virus¬†than thought
https://www.theguardian.com/world/2020/jan/17/corona-second-death-in-china-after-sars-like-outbreak?CMP=Share_AndroidApp_Tweet¬†‚Ä¶ #coronavirus #healthcare #virus #Health"
"As Thailand notes 2nd nCoV case, CDC begins airport screening

‚ÄúThailand today reported its second novel coronavirus (2019-nCoV) case in a traveler from Wuhan and health officials from the Chinese city today reported four more case‚Ä¶https://lnkd.in/dXAmVdu¬†https://lnkd.in/dWwGFxh¬†"
"Got an sms message from the Hubei new Corona Virus pneumonia prevention HQ yesterday evening. Paraphrasing.

Stay healthy:

- wash hands
- wear a mask
- ventilate your room
- cook your food well
- listen to your doctor
- Don't panic

Keep yourself safe and uphold societal order."
"To all the

#MAGA supporters
#BernieBros
#Qanon followers
#SocialJusticeWarriors
#Libtards
#CorporateDems
#Snowflakes
#russians
#Republicans
#leftists
#AltRight
#BandsIHate
#Prager U folks
#Evangelicals

I Say..sincerely.. 

WASH YOUR HANDS.

STAY HEALTHY

DONT GET #CORONAVIRUS"
"The first ‚Äúpresumptive‚Äù case of coronavirus in Canada has been identified at a Toronto hospital. 
http://torstar.co/PFKC50y4WNe¬†"
"How does China plan to feed the thirty million people under quarantine? 
It seems clear the lockdown is far more about controlling the flow of information than preventing the spread of disease. #coronavirus"
'Art Basel Hong Kong 2020 Needs to Be Put Out of Its Misery': Exhibitors Demand Answers as Coronavirus Fears Mount. Pressure is mounting on organizers to decide the fate of the fair‚Äîfast. By @KinsellaEKhttps://news.artnet.com/market/art-basel-hong-kong-exhibitors-demand-answers-coronavirus-fears-mount-1765767#.XjNkrDk5HDo.twitter¬†‚Ä¶
Is Belgium ready for new corona virus pandemic? https://vrtnws.be/p.XPWxy84wM¬†
"Tonight! $5 IPAs and Imported Bottles. No dart league, so all our games are open, including free pool and shuffleboard. Enjoy them while they last, because now that the #coronavirus is here, soon we'll all be drinking bathtub gin and figuring out to covert pig shit into methane."
"It is obvious from the start that the coronavirus is breeding ground for the perfect storm of disinformation: fast, global, mysterious, worrying. Brace yourselves. https://twitter.com/CBCHereandNow/status/1221935411729256455¬†‚Ä¶"
Coronavirus: China puts millions in lockdown amid rising deaths https://youtu.be/6cplSFezFcg¬† via @YouTube
Wuhan coronavirus: Chinese woman caught cheating airport tests to travel to France - Insider https://www.businessinsider.com/wuhan-coronavirus-woman-avoided-airport-tests-travel-france-2020-1¬†‚Ä¶ #coronoavirus
"For Xi Jinping, better ‚Äòred‚Äô than ‚Äòexpert.‚Äô But the coronavirus is challenging that. #coronavirus #2019nCoVhttps://www.washingtonpost.com/opinions/2020/01/29/xi-jinping-better-red-than-expert-coronavirus-is-challenging-that/¬†‚Ä¶"
"The novel #coronavirus in China has now killed 169 people, the government says (AFP)"
China says coronavirus can spread before symptoms show -- calling into q... https://youtu.be/in7LPyBQems¬† via @YouTube
Breaking News: Coronavirus https://youtu.be/cAh5AM6MQ8E¬† via @YouTube
Patient suspected of being infected by Corona virus in Brussels is cleared https://www.brusselstimes.com/brussels-2/91768/patient-suspected-of-being-infected-by-corona-virus-in-brussels-is-cleared-symptoms-kuleuven-china-saint-pierre/¬†‚Ä¶
When will IG have a ‚Äúdo you have a coronavirus‚Äù filter?
@Facebook will now take down posts that spread #Coronavirus misinformation. (MIT Technology Review)  #SocialMedia #Healthcare https://buff.ly/37UtDdH¬†pic.twitter.com/f6ThErAiuu
"That's nice and all but I was pretty sure is was already called the #CoronaVirus. Or the #WuhanCoronavius. I'm sure it serves a purpose but I can't help but feel like time would be better spent elsewhere. 
#CoronaCompassionhttps://twitter.com/MackayIM/status/1225058831517941760¬†‚Ä¶"
"It has to be an N95 mask, which requires training to wear (and which most people cant stand for ~1 hr). Otherwise a mask is useless for coronavirus

I have a strange fascination with China's mask delusion"
"#coronavirus
#ncov2019
#wuhan

And possible vaccine....still to be testedhttps://lnkd.in/d9MRpJ3¬†"
Corona virus could have a serious impact on global economy.
"The death toll of the 2019-nCoV, known as the coronavirus, rose to at least 259, with nearly 12,000 ... https://www.neweurope.eu/article/coronavirus-death-toll-reaches-259/¬†‚Ä¶ #EU #EUpol"
EU News: Coronavirus death toll reaches 259 http://dlvr.it/RPCNFn¬† via @New_Europepic.twitter.com/8TU4BEHeyZ
"Prevention measurements of #coronavirus & prepare should be updated & shared asap.
* Stay inside. If not: stay away from other people or animals
* Cover wounds or scratches!
* Dont touch face
* Spread is easy trough wounds, eyes, ears, mouth, nose, food, feces/toilets 
#ncov2019"
An update from our man in #Beijing #China #Coronavirus Surviving virusland - https://www.beijing1980.com/2020/01/30/surviving-virusland/?fbclid=IwAR1AP1LaoQ32Cbq_uRxs9SXT8ZlAEYsBqFf-AW5gRrB0-PvxJqZhiiL-3lI¬†‚Ä¶
"European health commissioner @SKyriakidesEU on #coronavirus: ‚ÄòTime for facts, not fear‚Äô
https://sofiaglobe.com/2020/02/03/european-health-commissioner-on-coronavirus-time-for-facts-not-fear/¬†‚Ä¶"
"Wait, the incubation period for Coronavirus went from 14 days to 24 days now? I-"
"least have entrance to some basic resources. 
Also during the spanish flu, people were possibly weakened by the WWI. 
On the other hand I think we know the flu better than this new coronavirus."
"As for spreading Sars, for possibly helping to spread coronavirus or not complying to orders even death penalty will be considered (if the virus is not quicker...).
https://edition.cnn.com/asia/live-news/coronavirus-outbreak-02-08-20-intl-hnk/h_7e7dfec565c5dc7d3a7570c2138b39da¬†‚Ä¶"
"Coronavirus threat reaches schools as UK warned crisis 'will get worse before it gets better'.
https://www.telegraph.co.uk/news/2020/02/11/coronavirus-super-spreaders-links-schools-sparks-panic-brighton/¬†‚Ä¶"
"WHO accused of ‚Äòdelaying‚Äô response to #Coronavirus outbreak to appease China, virus spreads to more than 24 countries. (News com)  https://buff.ly/2HvMJeW¬†pic.twitter.com/3hOCYsBxOP"
"A literature review of 2019 Novel Coronavirus during the early outbreak period: Epidemiology, causes, clinical manifestation and diagnosis, prevention and control
https://www.preprints.org/manuscript/202002.0060/v1¬†‚Ä¶"
Brian Napack: Unlock Coronavirus research for scientists - Sign the Petition! http://chng.it/DBLmhzwV¬† via @Change
Is #CoronaVirus Outbreak in China 10 Times Worse Than Reported?  (World Health Organization) https://buff.ly/3bPTZ3c¬†
Wary #AutoIndustry returns to work in China. (Automotive News)  #CoronaVirus https://buff.ly/37q7OBS¬†pic.twitter.com/TvDOgDgZZN
"A Simulation on Potential Secondary Spread of Novel Coronavirus in an Exported Country Using a Stochastic Epidemic SEIR Model
https://www.preprints.org/manuscript/202002.0179/v1¬†‚Ä¶"
"@VISIONTV @gorskon @CaulfieldTim @crackedscience @ryarmst @cbcmarketplace Why does your ‚ÄúChristian‚Äù network promote convicted felon Jim Bakker‚Äôs TV show? He is promoting a number of unsafe, unlicensed, and fraudulent products to cure coronavirus Covid-19. https://friendlyatheist.patheos.com/2020/02/12/jim-bakker-my-venereal-disease-gel-also-cures-coronavirus-in-under-12-hours/¬†‚Ä¶"
"Sensation title though very informative and well substantiated article about #COVID19 #nCoV2019 #coronavirus possible spread, modelling, parameters & what may be real numbers in China? 
https://www.statnews.com/2020/02/14/disease-modelers-see-future-of-covid-19/¬†‚Ä¶"
Breaking Update  CoronaVirus Cruise Ship quarantined 40+ Americans infected in #Japan February 2020... http://nato.trendolizer.com/2020/02/breaking-update-coronavirus-cruise-ship-quarantined-40-americans-infected-in-japan-february-2020.html¬†‚Ä¶pic.twitter.com/USVWeuSW0w
Those who buy a #volvo deserve to be infected with the #coronavirus... #XC40 S60 #XC60 #S90 #V90 #XC90. #shittychina #freeHongKong #freeTibet #freeTaiwan #freeMongolia #huawei #zte #xiaomi #clubmed #fosun #haier #lotus https://auto55.be/nieuws/32384-made-in-china-nekt-volvo-xc60-en-s90-niet-leverbaar¬†‚Ä¶
"Iran‚Äôs deputy health minister has tested positive for coronavirus (COVID-19), amid a sharp spike in confirmed cases reported outside of the virus‚Äô origin country China https://buff.ly/32tysJ2¬†"
"From the Arab world and Africa, to the US and the very east: almost everyone complains about their governments failing them by not taking enough measurements to prevent the spread of #coronavirus #covid19 
Response should be Agressive!!https://www.ctvnews.ca/world/canadian-doctor-warns-world-simply-not-ready-for-covid-19-after-china-visit-1.4827042#_gus&_gucid=&_gup=twitter&_gsc=OxpsjEZ¬†‚Ä¶"
"Now you have coronavirus too
RIP"
#CoronaVirus / COVID-19 Strikes The Tech Industry - Part 2. (Forbes)  https://buff.ly/2SIwBgt¬†pic.twitter.com/YFyxLXRZdb
Austria halted all train traffic to and from Italy following fears #coronavirus
There‚Äôs been a lot of media attention on Coronavirus but is it mostly just hype? Here‚Äôs one more risk that you might not have heard of. http://bit.ly/2Health6¬†
"China‚Äôs #CoronaVirus Popped A Gasket This Morning, Cases Skyrocket, Officials Fired. (Forbes) https://buff.ly/2OSQ1g9¬†pic.twitter.com/iWv3J93QMW"
#CoronaVirus: Chinese-New Zealander hits back at #Racism with T-shirt. (Newshub)  https://buff.ly/2OZmaCX¬†pic.twitter.com/gLtmVukLjR
What happens if you catch the new coronavirus? https://www.aljazeera.com/news/2020/02/infected-coronavirus-200210205212755.html¬†‚Ä¶
#Coronavirus in N Korea could be 'much more lethal' than in China https://www.aljazeera.com/news/2020/02/coronavirus-korea-lethal-china-200219132141267.html¬†‚Ä¶
Globalization Comes Under Fire Amid Coronavirus ‚ÄòStress Test‚Äô  https://www.bloomberg.com/news/articles/2020-02-22/globalization-comes-under-fire-amid-coronavirus-stress-test¬†‚Ä¶
"Trump might as well have said ""I'm putting Mike Pence in charge of the corona virus outbreak & prevention for the US, because he has had the flu a few times and thus has first hand experience in the matter."" #TrumpIsAnIdiot #Covid_19 #COVID #CoronavirusOutbreak"
"@lookner #coronavirus One of the infected in Spain is an Iranian worker...Iran has more cases than the gov't says...there are almost more cases from Iranians outside Iran than in Iran itself. Weird!

Source . EFE

https://www.efe.com/efe/espana/sociedad/confirman-segundo-caso-de-coronavirus-en-castilla-y-leon-valladolid/10004-4183598#¬†‚Ä¶"
Can this coronavirus come get me
@lookner #coronavirus Very strange things happen in Iran...everyday someone of the gov't gets the infection...
Switzerland confirms sixth coronavirus case https://www.swissinfo.ch/eng/politics/covid-19_switzerland-confirms-second-coronavirus-case/45582788#.XlhWsgiUwiU.twitter¬†‚Ä¶
#CoronaVirus: Chinese banks face test as bad debts tipped to rise while economic growth tumbles. (Yahoo! News)  https://buff.ly/38IAjfs¬†pic.twitter.com/ZvEhh8ABEW
China races to contain job losses as #CoronaVirus batters economy. (Reuters)  https://buff.ly/38Pqbl2¬†pic.twitter.com/ceghgdprSC
"RT @EU_Finance: Green Bonds Alert! üì¢üåç
@EU_Commission is launching a consultation on creating an EU Green Bond Standard. #EUGreenBonds could‚Ä¶"
"RT DSMeu ""The #coronavirus crisis has shown us how essential #DigitalTechnologies are to our societies &amp; economies.‚Ä¶ https://t.co/jJ8UtSWCGB"
RT @SebDance: Populism is *very* bad for your health.
"The #EU response to the #Coronavirus crisis: 

1) Health and emergency; 
2) Economic;
3) Research and funding; 
4)‚Ä¶ https://t.co/O4W9EYeYRZ"
"Micro, small and start-up companies face specific challenges as a result of the #coronavirus crisis. 

We have prop‚Ä¶ https://t.co/05l4QPb0rT"
"RT @EU_Commission: Micro, small and start-up companies face specific challenges as a result of the #coronavirus crisis. 

We have proposed‚Ä¶"
"Disinformation is a major threat to our society, our democracy, and during a pandemic, a threat to public health.‚Ä¶ https://t.co/dag9v4ExW3"
RT @ELSOOrg: Study investigating whether #SARSCoV2 #Coronavirus RNA was detectable in dialysis effluent fluid or in condensate collected fr‚Ä¶
"What is hot and what is not in #EuroBubble and #EU today. Trending on Vattel live monitor: #coronavirus, #COVID19 a‚Ä¶ https://t.co/WBL74YfITZ"
"RT @subgap: Coronavirus Update:
‚ò£Ô∏èÔ∏è Total cases: 7,756,806 (+14,737) ‚ò£Ô∏èÔ∏è
‚ö†Ô∏è Current cases: 3,353,861 (+7,572) ‚ö†Ô∏è
‚ö∞Ô∏è Deaths: 428,572 (+210)‚Ä¶"
"RT @NicholasChrimes: Oxygen via Hudson mask can be placed OVER a surgical mask in #COVID19 patients without compromising FiO2. 

üîê Free in‚Ä¶"
"RT @EU_ISS: From bad to worse? The impact(s) of #Covid19 on #conflict dynamics

Latest Conflict Series Brief by @KMustasilta 

üëâhttps://t.c‚Ä¶"
Patients with raised #bloodpressure have a two-fold increased risk of dying from the #coronavirus #COVID19 compared‚Ä¶ https://t.co/1WWirudsbZ
RT @ViolaRoberto: The #DESIeu published today shows important progress of üá™üá∫ #EU Member States in #digital areas like connectivity &amp; #eGov.‚Ä¶
RT @UNESCO: Modern technology like #AI can be key when navigating through the #COVID19 crisis. But it's crucial to understand the trade-off‚Ä¶
"RT @SKyriakidesEU: The EU leads with a united front in the global effort to get to a vaccine, for our European citizens and 
for the world.‚Ä¶"
"#Update #COVID19 #ShameOnBelgium #StaySafe #SocialDistancing #StayHome¬†#Confinement 13/06
+49 cured = now 16547
+99‚Ä¶ https://t.co/C0RjQKPVoV"
"RT @vdwnico: #covid19 spreading fast in Africa. Data from Johns Hopkins. No model is perfect, be careful with numbers. https://t.co/zmesZyf‚Ä¶"
RT @asteris: How to pandemic
"RT @SKyriakidesEU: The EU leads with a united front in the global effort to get to a vaccine, for our European citizens and 
for the world.‚Ä¶"
"1) The Netherlands has been popular as liberal metaphore for decades.
2) Few have read ¬¥Everything Under the Heaven‚Ä¶ https://t.co/TvNFy37QQc"
"RT @OffGuardian0: Let's be clear - whatever the motivation/good intentions of isolated individuals may have been, the degree of coordinatio‚Ä¶"
"RT @hermannkelly: It's been widely accepted for years &amp; well attested in scientific studies that having sufficient vitamins A, C, D and zin‚Ä¶"
"RT @SiCarswell: ‚ÄòThe virus will be back‚Äô: Preparing for the second wave of #Covid19

Where are the dangers, and how can a new wave be turne‚Ä¶"
"RT @RioTazewell: 2 MILLION cases of #COVID19, 116,000+ deaths, tens of millions out of work, &amp; $500,000,000,000 in stimulus unaccounted for‚Ä¶"
In case anyone is wondering why our figures are lowüëá
"RT @ProgPost_FEPS: to make #finance work for the people and the planet, it needs to be understood as a #publicutility, the same way as a se‚Ä¶"
"RT @nigewillson: Sensory voice and face biometric platform identifies users with masks, detects symptoms https://t.co/2P2GCkeBJW
#ai #Artif‚Ä¶"
"RT @SKyriakidesEU: The EU leads with a united front in the global effort to get to a vaccine, for our European citizens and 
for the world.‚Ä¶"
"RT @SiCarswell: ‚ÄòThe virus will be back‚Äô: Preparing for the second wave of #Covid19

Where are the dangers, and how can a new wave be turne‚Ä¶"
Reporting about the exploitation of the #Amazon rainforest in times of #Covid_19 We need to scale up actions to pro‚Ä¶ https://t.co/G7nuLLUWw2
"8 other articles I recommend tagged #covid19 and #disinformation: https://t.co/v7vB3wNZY5

An (almost completely) d‚Ä¶ https://t.co/yrTJbvkLWG"
"RT @IDDRI_ThinkTank: [WEBINAR] With @ettg_eu : #Africa post-#COVID19: leapfrogging to sustainable, #climate-compatible development

With: @‚Ä¶"
"RT @sanchezcastejon: Spain is coleader in initiatives such as the ACT-Accelerator to achieve equitable access to vaccines, treatments and d‚Ä¶"
"RT @antonioguterres: Saturday marks the 100-day countdown to #PeaceDay.

We are living through a difficult time, but we can turn the #COVID‚Ä¶"
RT @vdwnico: Update of the #covid19 in #Belgium : the trend is still a slow decrease of the number of patients in hospitals and prevalence‚Ä¶
RT @vdwnico: #covid19 in Sweden and nearest neighbors : different dynamics and different scales on the vertical axis ! Data from Johns Hopk‚Ä¶
RT @vdwnico: Update of the #covid19 in #Belgium : the trend is still a slow decrease of the number of patients in hospitals and prevalence‚Ä¶
"RT @GabrielMariya: Nobel Prize winner Sir Peter Ratcliffe shares his insights on #COVID19 @wef.
The #EU funded his vital #research with an‚Ä¶"
"RT @SKyriakidesEU: The EU leads with a united front in the global effort to get to a vaccine, for our European citizens and 
for the world.‚Ä¶"
"RT @UNICEF: ‚úã ""Tadaaaaaa!"" ü§ö

Two-year-old Natalie shows us how fun handwashing can be at her home in South Sudan as she protects herself f‚Ä¶"
@DaniEinthoven congrats üëèüèª #covid19 #hematology
"RT @UNICEFInnocenti: How can we deliver #education equitably with so many of the üåé's schools closed?

In #ResearchMatters we talk about rem‚Ä¶"
Twitter
RT @vdwnico: Update of the #covid19 in #Belgium : the trend is still a slow decrease of the number of patients in hospitals and prevalence‚Ä¶
"RT @GabrielMariya: Nobel Prize winner Sir Peter Ratcliffe shares his insights on #COVID19 @wef.
The #EU funded his vital #research with an‚Ä¶"
"RT @SKyriakidesEU: The EU leads with a united front in the global effort to get to a vaccine, for our European citizens and 
for the world.‚Ä¶"
"RT @CitImmCanada: Protect yourself from immigration fraud and #COVID19 misinformation.

For the most accurate and recent updates on travel‚Ä¶"
"RT @SKyriakidesEU: My message to #EPSCO ‚û°Ô∏è #COVID19 has shown us that üá™üá∫ needs to give a higher priority to health. With #EU4Health, we be‚Ä¶"
"RT @StollmeyerEU: @jaemmanouilidis @labruunt Er, no it won‚Äôt. Neither necessity nor effectiveness have been proven.

Even in Iceland, with‚Ä¶"
RT @vdwnico: Update of the #covid19 in #Belgium : the trend is still a slow decrease of the number of patients in hospitals and prevalence‚Ä¶
"RT @sanchezcastejon: Spain is coleader in initiatives such as the ACT-Accelerator to achieve equitable access to vaccines, treatments and d‚Ä¶"
RT @vdwnico: #covid19 in Sweden and nearest neighbors : different dynamics and different scales on the vertical axis ! Data from Johns Hopk‚Ä¶
"When after #COVID19 pandemic the aviation market opens up and hiring begins again, pilots will need to be fit and r‚Ä¶ https://t.co/rgink4ssIS"
"Disgusting! This is happening now, in my own home country, in the #EU, in 2020... #bizhumanrights #exploitation‚Ä¶ https://t.co/VLIt72JMQG"
RT @avkwong: I've been looking forward to hearing from colleagues in LMIC on their experience and learning from them @FlaviaSepsis @arthurk‚Ä¶
"RT @sanchezcastejon: Spain is coleader in initiatives such as the ACT-Accelerator to achieve equitable access to vaccines, treatments and d‚Ä¶"
"RT @inzyrashid: REVEALED: ‚ÄúStakeholders expresssd deep dismay, anger, loss, and fear in BAME  communities‚Äù

More about what‚Äôs in the unpubl‚Ä¶"
"CDC: Americans desperate to kill #Coronavirus are dangerously mixing cleaners, bleaching food. (MSN)  #COVID„Éº19‚Ä¶ https://t.co/zPRzAVFrP4"
RT @vdwnico: #covid19 in Sweden and nearest neighbors : different dynamics and different scales on the vertical axis ! Data from Johns Hopk‚Ä¶
RT @FairtradeUK: #Fairtrade co-operatives around the world are able to spend their Fairtrade Premium more flexibly to support workers throu‚Ä¶
RT @newschambers: From the HSE today: The mean number of close contacts per #COVID19 case has increased - now close to where it was in earl‚Ä¶
The #COVID19 crisis could almost double the number of acutely hungry people ‚Äì from 135 million in 2019 to 265 milli‚Ä¶ https://t.co/KW8Wc5PFW8
"RT @OliverVarhelyi: Discussing #WesternBalkans, their #EU accession &amp; addressing #COVID19 crisis: We are in this together, working to make‚Ä¶"
"RT @antonioguterres: Saturday marks the 100-day countdown to #PeaceDay.

We are living through a difficult time, but we can turn the #COVID‚Ä¶"
RT @antonioguterres: We have seen such a widespread and damaging expansion of #COVID19 in large part because our multilateral system is not‚Ä¶
"RT @AMICE_Mutuals: #Solidarity in times of #Covid19 : Thanks to donations from our member @UnipolGroup_PR employees, agents and their colla‚Ä¶"
"RT @dlgriffiths: #COVID19 highest confirmed death toll, by leader:

1. @realDonaldTrump üá∫üá∏
2. @jairbolsonaro üáßüá∑
3. @BorisJohnson üá¨üáß"
"RT @FYEG: Thanks to a strong young green lobby at the #EGP31 Council, üåª Greens across Europe just agreed that there will be no bailout for‚Ä¶"
"As the world moves forward, the #G20SaudiArabia¬†Presidency holds a virtual workshop on the implications of #COVID19‚Ä¶ https://t.co/gHkbPZOSHQ"
RT @vdwnico: Update of the #covid19 in #Belgium : the trend is still a slow decrease of the number of patients in hospitals and prevalence‚Ä¶
"RT @EFTAsecretariat: Today, the #EEA Joint Committee incorporated 38 legal acts into the EEA Agreement, including the #Transparency Directi‚Ä¶"
"RT @HeatherEHeying: Boston Mayor: ""the health impacts of historic and systemic racism are clear in our #COVID19 case numbers.""

Hmm. Does *‚Ä¶"
RT @ajreinhart: Restaurant patios in parts of Ontario were allowed to reopen with certain restrictions today. This was the scene on King St‚Ä¶
RT @VaccinesEurope: Excellent example of our member working at an unprecedented speed to develop #COVID19 vaccine. #WeWontRest @EFPIA @JNJN‚Ä¶
We should not ignore the effects of #COVID19 on the #RecyclingIndustry. In ‚ÄòInsight with the Leaders‚Äô with ElitePlu‚Ä¶ https://t.co/ASbwzHrXhQ
"RT @CFifeKW: ""Protect The Hands That Feed Us""

Excellent resource on #MigrantWorker health.
#Covid19 outbreaks on farms is a public health‚Ä¶"
"RT @antonioguterres: #COVID19 has highlighted the threats posed by the unchecked use of digital technology - surveillance, human rights abu‚Ä¶"
"RT @MsPhelps: A number of publishers (incl. ACS, Elsevier, SpringerNature, Wiley) reserve the right to have #COVID19-related papers removed‚Ä¶"
"RT @3dcftas_CEPS: How hard does the #COVID19 #pandemic hit #EaP economies?

How do societies cope with #crisis? 

Find out from country exp‚Ä¶"
"RT @FYEG: Thanks to a young green lobby, Greens across üá™üá∫ @ the #EGP31 üåª agreed free mental health care will be included in our #COVID19 #R‚Ä¶"
RT @PeteKent01: @Italia191 @Roonie_Bear @basili_debra @mabomm1 @CarloVKag @KatDelT @Filippo60 @NevadaElJefe @JoeTornabene1 @JoeMerenda2 @ma‚Ä¶
Great idea for diplomatic dialogue in #COVID times from @marisagerards @oeysteinboe! #NATO is a political-military‚Ä¶ https://t.co/2IuOppG2RC
"RT @LapointeShaw: Here is my take on what the goal should be:

1. Continuously dropping daily case count
2. Steady low % positive (&lt;2%)
3.‚Ä¶"
"RT @UNICEF: Singing üé§, filming üé• and learning üìñ 

This is how nine-year-old Ria stays connected and healthy during New York's #COVID19 lock‚Ä¶"
"30,508 #COVID19 cases were registered in #Ukraine in total (+753 on June 12). 13,976 people recovered (+409 on June‚Ä¶ https://t.co/Cw1L7c3JtV"
"RT @WomenDeliver: ‚ÄúOur formal economy is only possible because it‚Äôs subsidized by women‚Äôs unpaid work.‚Äù

#COVID19 has exposed gender fault‚Ä¶"
"RT @sanchezcastejon: Spain is coleader in initiatives such as the ACT-Accelerator to achieve equitable access to vaccines, treatments and d‚Ä¶"
"RT @europe_creative: Cultural professional affected by #Covid19? 
Take part in this survey &amp; help shape recommendations to boost üá™üá∫cultural‚Ä¶"
RT @ZMnatsakanyan: Very good conversation w/ @FP_Champagne. Deep respect &amp; friendship btw üá¶üá≤üá®üá¶ ppls and leaders are strong foundation to en‚Ä¶
"üì∫ Check out this webinar by @ituc with SOLIDAR #SilverRose winner @japhet_moyo and special guests!

‚úäüèø‚úäüèº‚úäFor‚Ä¶ https://t.co/ZIh8y0p9qj"
"Been working on this with FYEG's Social Europe Working Group for months

Super pleased greens across Europe will be‚Ä¶ https://t.co/qhvKtWmTR3"
"RT @ITU_BDTDirector: Join us at the @ITU pavilion of @UN @globalcompact #LeadersSummit.

We will share with you best practices from #REG4CO‚Ä¶"
"RT @KSAmissionEU: As the world moves forward, the #G20SaudiArabia¬†Presidency holds a virtual workshop on the implications of #COVID19 on gl‚Ä¶"
"I'm sorry but am I the only one who doesn't see a big problem here?

One photo is taken from an angle that would al‚Ä¶ https://t.co/kVTQfwixDg"
RT @jagot_cha: Congratulations üëèüëèüëè for this great milestoneüêüüé£ #BLUENET_EUproject  despite the difficulties these last months with #COVID19!‚Ä¶
Join @JanezPotocnik22 &amp; panellists for the #FFA Regional Online Live event from #Brussels &amp; #Berlin on Monday as we‚Ä¶ https://t.co/JHmWaPndxc
RT @alexkinsella: This is why we can‚Äôt have nice things. https://t.co/BRi6mJQP9W
It is always a good reminder of the importance of the work we are doing to help #FeedWR when we are able to sit dow‚Ä¶ https://t.co/OXXXXE9f6z
"RT @dabeard: She said Florida fired her for wanting to tell the truth about the number of residents infected with #COVID19.

Now she's got‚Ä¶"
RT @zchamu: This is why we get circles: it‚Äôs ok for more people to get sick right now.
"RT @SKyriakidesEU: The EU leads with a united front in the global effort to get to a vaccine, for our European citizens and 
for the world.‚Ä¶"
Have you thought on how you would paint the pandemic of #COVID19?
RT @WIIS_NL: .@WIIS_global member Roxana Allen published a piece on correcting #genderinequality with #AI amid #COVID19. Interested? Read i‚Ä¶
"RT @SkyNews: The Queen is celebrating her birthday with a scaled back military parade at Windsor Castle, because of the #COVID19 pandemic h‚Ä¶"
Come join us to Share Your Research and Ideas at #Healthcare #HospitalManagement #Nursing #ClinicalPharmacy‚Ä¶ https://t.co/pWbwZEiuws
"Explore cultural dimensions that impact how we understand and respond to collective traumas such as #COVID19.

üíª We‚Ä¶ https://t.co/x76XMgzIp7"
"RT @UNDP: Home to an estimated 270 mil people, Africa's borderlands, often lawless &amp; weak in healthcare, are most vulnerable to the spread‚Ä¶"
"Honduras | With #coronavirus cases rising, our teams are providing medical treatment to people with severe symptoms‚Ä¶ https://t.co/uRemax57Vu"
"In the wake of #COVID19, adaptation and preparedness will make all the difference between surviving and ‚Äògame over‚Äô‚Ä¶ https://t.co/NJ6iyFkhCe"
"RT @devex: .@europeaid wants donors to agree on a common metric for contributions to the global #COVID19 response, but introducing it quick‚Ä¶"
"Yes, it is worse than the flu: busting the coronavirus myths https://www.theguardian.com/world/2020/mar/01/yes-it-is-worse-than-the-flu-busting-the-coronavirus-myths?CMP=share_btn_tw¬†‚Ä¶"
Three More Coronavirus Cases Confirmed in Israel https://sputniknews.com/middleeast/202003011078446103-three-more-coronavirus-cases-confirmed-in-israel/?utm_source=dlvr.it&utm_medium=twitter¬†‚Ä¶pic.twitter.com/YIzPGflh4c
"""Italy unveils ‚Ç¨3.6bn stimulus to mitigate the impact of the largest outbreak of coronavirus in Europe"". https://www.ft.com/content/a6f59348-5bae-11ea-b0ab-339c2307bcd4¬†‚Ä¶ via @financialtimes"
'This is surreal': Italian towns struggle under #coronavirus lockdown #covid19https://www.theguardian.com/world/2020/mar/06/this-is-surreal-italian-towns-struggle-under-coronavirus-lockdown?CMP=share_btn_tw¬†‚Ä¶
Can we please stop w this #coronavirus and have some #perspective. It‚Äôs #fakenews media sensationalism provoking panic in an undereducated society. It‚Äôs rarely deadly (2% fatality rate). Snakes are more dangerous ffs https://twitter.com/miggalooch/status/1235348233490223104¬†‚Ä¶pic.twitter.com/lqPHCOwTi0
"#Coronavirus preparedness plans should be linked to the strengthening hospital surge capacity and markedly increased volume of patients 
https://www.reuters.com/article/us-health-coronavirus-southkorea-idUSKBN20R05M¬†‚Ä¶"
"Some scientists believe , Coronavirus is spreading fastest through #socialmedia #WhatsApp #Facebook #Tweets #Coronvirus #CoronaAlert"
No Time To Release A Film: Latest James Bond Delayed On Coronavirus Fears https://www.ndtv.com/world-news/latest-james-bond-movie-no-time-to-die-delayed-on-coronavirus-fears-2190068?utm_source=dlvr.it&utm_medium=twitter¬†‚Ä¶pic.twitter.com/ypGZ1mYsyT
"Well, Boris can always use corona virus as an excuse when things go wrong in 2021."
"Testing for coronavirus should be free, but it‚Äôs not always that simple https://fortune.com/2020/03/03/coronavirus-testing-price-covid-19-test-cost/?utm_source=dlvr.it&utm_medium=twitter¬†‚Ä¶pic.twitter.com/GqQtLdjR7M"
"U.S. Congress Approves, Sends to Trump $8.3 Bln to Fight Coronavirus http://www.medscape.com/viewarticle/926328?src=rss&utm_source=dlvr.it&utm_medium=twitter¬†‚Ä¶pic.twitter.com/lPcQ4jtPNQ"
A Dog Just Tested Positive For Coronavirus In Hong Kong. But There‚Äôs Still No Need To Panic. ‚Ä¶https://blog.theanimalrescuesite.greatergood.com/corona-virus-dog/?utm_source=dlvr.it&utm_medium=twitter¬†‚Ä¶pic.twitter.com/9vRJLUEOdx
"The Jazz gave out hand sanitizer. The Knicks had their team doctor talk to players. Some have stopped shaking hands. Others are fatalistic about it. 
How NBA players are taking precautions with the coronavirus; if they are.
https://theathletic.com/1660734/2020/03/07/how-nba-players-are-changing-their-lives-as-coronavirus-spreads-around-the-world/¬†‚Ä¶"
Italy Locks Down 15 Million After Massive Surge In Coronavirus Deaths https://www.ndtv.com/world-news/italy-locks-down-15-million-after-massive-surge-in-coronavirus-deaths-2192038?utm_source=dlvr.it&utm_medium=twitter¬†‚Ä¶pic.twitter.com/T01GiaM2BX
The coronavirus was actually created in order to attempt to stop St. Patrick's day on Ezra Avenue. A conspiracy theory.
#Reuters El Salvador shuts classes in all schools on coronavirus fears https://ift.tt/3cQLZ2s¬† #ElSalvador
Denmark shuts down schools and universities to fight coronavirus pandemic. Government banned all gatherings with more than 100 people. Everyone is advised to work at home if possible. Whole country is almost in a lockdown. https://www.reddit.com/r/worldnews/comments/fh4cpw/denmark_shuts_down_schools_and_universities_to/?utm_source=dlvr.it&utm_medium=twitter¬†‚Ä¶
"He tested positive, then negative for coronavirus. Now this American is stuck in Egypt. https://www.washingtonpost.com/world/2020/03/11/egypt-matt-swider-coronavirus/?utm_source=dlvr.it&utm_medium=twitter&utm_campaign=wp_world¬†‚Ä¶pic.twitter.com/VYENEySVdv"
End the day  by ending #coronavirus   https://www.endcoronavirus.org/¬†
End the day  by ending #coronavirus   https://www.endcoronavirus.org/¬†
"You people cry racism just because people aren't visiting Chinatown anymore lmao. Precaution is key in times of pandemic; a month after this video and Italy is suffering the worst outbreak of the Wuhan coronavirus outside of China.
https://www.youtube.com/watch?v=mNMdg4morQs¬†‚Ä¶"
EU leaders try to retake control of coronavirus response https://www.politico.eu/article/eu-leaders-try-to-retake-control-of-coronavirus-response/¬†‚Ä¶
"Ah yes, very true. I'll just tell my landlord that I'll pay him next year as the impacts of the coronavirus will be over by then. No big deal."
Will the coronavirus keep students away from the Ezra Avenue St. Patrick's Day party? Our @SetoRecord finds out.https://twitter.com/SetoRecord/status/1237484239534329856¬†‚Ä¶
"If you need me for the next three weeks, I'll be ""working from home"" with a pair of first-graders in the house. #covid19 #coronavirus https://twitter.com/Communitech/status/1238610580170211331¬†‚Ä¶"
"Why people are SO eager to buy toilet paper rolls ?

-- When ONE person sneezes, 20 people shit themselves !

#coronavirus #ToiletPaperPanicpic.twitter.com/iFPlRSgaz4"
Belgium activates emergency measures to contain coronavirus outbreak ‚Äì http://EURACTIV.com¬† #StayHomeBelgium #coronavirus #Healthhttps://www.euractiv.com/section/coronavirus/news/belgium-activates-emergency-measures-to-contain-coronavirus-outbreak/¬†‚Ä¶
"""I just..Gave.. Dr. Fauci .. Corona Virus on Live TV... so... Nasty question.. next.."" https://twitter.com/Politidope/status/1238566967474184192¬†‚Ä¶"
RT LauKaya: RT FT: BT chief executive tests positive for coronavirus https://on.ft.com/2TMwVeH¬†
All of a sudden University of Phoenix is the top college in the country #coronavirus
Greatest commercial for coronavirus ever https://twitter.com/benphillips76/status/1237691678720512002¬†‚Ä¶
"Coronavirus brings new travel restrictions, lockdowns and closures around the world https://www.japantimes.co.jp/news/2020/03/16/world/global-coronavirus-travel-restrictions/?utm_source=dlvr.it&utm_medium=twitter¬†‚Ä¶pic.twitter.com/ylRsAT6Y0c"
New post on Lead Stories: Fact Check: Massachusetts State Police DO Warn Of Possible Scam Related To Coronavirus https://ift.tt/3bi83Bq¬†pic.twitter.com/rII3s34Lj7
"The #coronavirus will be used by governments to become complete totalitarian states.

There will be more surveillance and less freedom.

""Never let a good crisis go to waste"" - Winston Churchill. https://twitter.com/CNBC/status/1240711838398021632¬†‚Ä¶"
"A positive tale of  #Coronavirus European local solidarity, with neighbouring countries (, & also )helping treat  patients from Southern Alsace where a ‚Äòhotspot‚Äô developed.
Close to my heart as I come from there, and know a family who is affected... @bueti @JeremyCliffehttps://twitter.com/JeremyCliffe/status/1241267539809914880¬†‚Ä¶"
"Cobalt President Kara Vedder applied her Health Sciences degree to developing our strict cleaning regimen, which includes disinfecting equipment and high-touch surfaces with our house-made Kara Care green cleaning products. #cobaltstages #karavedder #greencleaning #coronavirus pic.twitter.com/3HsQgUoPiJ"
Coronavirus questions answered: 'Should you go to an urgent care facility if sick?' https://www.foxnews.com/media/coronavirus-questions-answered-should-you-to-urgent-care?utm_source=dlvr.it&utm_medium=twitter¬†‚Ä¶pic.twitter.com/tyqwThFaG7
Pence Staff Member Tests Positive for Coronavirus https://sputniknews.com/us/202003201078651116-pence-staff-member-tests-positive-for-coronavirus/?utm_source=dlvr.it&utm_medium=twitter¬†‚Ä¶pic.twitter.com/YUPt6QgVbi
Anywhere but Westminster: we need your help covering the coronavirus https://www.theguardian.com/world/2020/mar/19/anywhere-but-westminster-we-need-your-help-covering-the-coronavirus?CMP=share_btn_tw¬†‚Ä¶
"People with blood type A might be more susceptible to coronavirus, study finds.

https://fxn.ws/2WlzJRs¬† #FoxNews"
Any reason to not respect human rights is valid we suppose... https://tinyurl.com/uxy5btz¬† #Coronavirus #Coronabelgie #BelgiumLockdown #Belgium
"#nowplaying Coronavirus Type Beat by 2K Beats feat. Cardi B,iMarkkeyz via @audiomack https://audiomack.com/song/2kbeats1/coronavirus-type-beat¬†‚Ä¶"
What does 'deep clean' mean with coronavirus? - ABC News via @ABC -https://abcn.ws/2WjCG5a¬†
"British Study Predicts 2.2 Million Coronavirus Deaths In US, 50,000 In UK https://www.ndtv.com/world-news/coronavirus-news-british-study-predicts-2-2-million-covid-19-deaths-in-us-50-000-in-uk-2196477?utm_source=dlvr.it&utm_medium=twitter¬†‚Ä¶pic.twitter.com/FeSyqkNV68"
"In the Battle Against Coronavirus, Humanity Lacks Leadership https://ti.me/2U0Is8Q?utm_source=twitter.com&utm_medium=social&utm_campaign=social-share-article¬†‚Ä¶"
"Bcuz China was 1st country 2 deal w/ coronavirus,it is now ahead of most of world in terms of containmnt & recovry.Chinese workrs return to factories,while US & European econs are shutting down.We don‚Äôt hv plan for today-BJ has plan for tomorow.@joshroginhttps://www.washingtonpost.com/opinions/2020/03/16/how-china-is-planning-use-coronavirus-crisis-its-advantage/¬†‚Ä¶"
"Coronavirus: Dubai suspends sea cruises, safaris, and floating restaurants http://english.alarabiya.net/en/News/gulf/2020/03/17/Coronavirus-Dubai-suspends-sea-cruises-safaris-and-floating-restaurants.html?utm_source=dlvr.it&utm_medium=twitter¬†‚Ä¶pic.twitter.com/ZqI0OybByP"
Pence Staff Member Tests Positive for Coronavirus https://sputniknews.com/us/202003201078651116-pence-staff-member-tests-positive-for-coronavirus/?utm_source=dlvr.it&utm_medium=twitter¬†‚Ä¶pic.twitter.com/YUPt6QgVbi
Anywhere but Westminster: we need your help covering the coronavirus https://www.theguardian.com/world/2020/mar/19/anywhere-but-westminster-we-need-your-help-covering-the-coronavirus?CMP=share_btn_tw¬†‚Ä¶
"People with blood type A might be more susceptible to coronavirus, study finds.

https://fxn.ws/2WlzJRs¬† #FoxNews"
"Bcuz China was 1st country 2 deal w/ coronavirus,it is now ahead of most of world in terms of containmnt & recovry.Chinese workrs return to factories,while US & European econs are shutting down.We don‚Äôt hv plan for today-BJ has plan for tomorow.@joshroginhttps://www.washingtonpost.com/opinions/2020/03/16/how-china-is-planning-use-coronavirus-crisis-its-advantage/¬†‚Ä¶"
"Coronavirus: Dubai suspends sea cruises, safaris, and floating restaurants http://english.alarabiya.net/en/News/gulf/2020/03/17/Coronavirus-Dubai-suspends-sea-cruises-safaris-and-floating-restaurants.html?utm_source=dlvr.it&utm_medium=twitter¬†‚Ä¶pic.twitter.com/ZqI0OybByP"
New post on Lead Stories: Fact Check: Massachusetts State Police DO Warn Of Possible Scam Related To Coronavirus https://ift.tt/3bi83Bq¬†pic.twitter.com/rII3s34Lj7
"A positive tale of  #Coronavirus European local solidarity, with neighbouring countries (, & also )helping treat  patients from Southern Alsace where a ‚Äòhotspot‚Äô developed.
Close to my heart as I come from there, and know a family who is affected... @bueti @JeremyCliffehttps://twitter.com/JeremyCliffe/status/1241267539809914880¬†‚Ä¶"
"Cobalt President Kara Vedder applied her Health Sciences degree to developing our strict cleaning regimen, which includes disinfecting equipment and high-touch surfaces with our house-made Kara Care green cleaning products. #cobaltstages #karavedder #greencleaning #coronavirus pic.twitter.com/3HsQgUoPiJ"
Coronavirus questions answered: 'Should you go to an urgent care facility if sick?' https://www.foxnews.com/media/coronavirus-questions-answered-should-you-to-urgent-care?utm_source=dlvr.it&utm_medium=twitter¬†‚Ä¶pic.twitter.com/tyqwThFaG7
"Coronavirus brings new travel restrictions, lockdowns and closures around the world https://www.japantimes.co.jp/news/2020/03/16/world/global-coronavirus-travel-restrictions/?utm_source=dlvr.it&utm_medium=twitter¬†‚Ä¶pic.twitter.com/ylRsAT6Y0c"
Any reason to not respect human rights is valid we suppose... https://tinyurl.com/uxy5btz¬† #Coronavirus #Coronabelgie #BelgiumLockdown #Belgium
"#nowplaying Coronavirus Type Beat by 2K Beats feat. Cardi B,iMarkkeyz via @audiomack https://audiomack.com/song/2kbeats1/coronavirus-type-beat¬†‚Ä¶"
What does 'deep clean' mean with coronavirus? - ABC News via @ABC -https://abcn.ws/2WjCG5a¬†
"British Study Predicts 2.2 Million Coronavirus Deaths In US, 50,000 In UK https://www.ndtv.com/world-news/coronavirus-news-british-study-predicts-2-2-million-covid-19-deaths-in-us-50-000-in-uk-2196477?utm_source=dlvr.it&utm_medium=twitter¬†‚Ä¶pic.twitter.com/FeSyqkNV68"
"In the Battle Against Coronavirus, Humanity Lacks Leadership https://ti.me/2U0Is8Q?utm_source=twitter.com&utm_medium=social&utm_campaign=social-share-article¬†‚Ä¶"
