"#niet_in_journaal #US #military #COVID_19 The complete list of military coronavirus cases by base, as second Navy ship faces a major outbreak "
Will you go back to shows and big events as soon as the lockdown ends? Do you still hope to use your unrefunded concert tickets? https://bit.ly/2y3WiAG #coronavirus #COVID19Pandemic #poll #Reuters
Wall Street rallies on promising coronavirus drug http://www.myheadlinez.com/40506350/Wall-Street-rallies-on-promising-coronavirus-drug/
Michigan doctor charged with fraud after allegedly touting vitamin C infusions as coronavirus treatment http://www.myheadlinez.com/40506340/Michigan-doctor-charged-with-fraud-after-allegedly-touting-vitamin-C-infusions-as-coronavirus-treatment/
"the mayor said in one post. ‚ÄúWhen I heard, I went there myself to ensure the crowd was dispersed. And what I saw WILL NOT be tolerated so long as we are fighting the Coronavirus.‚Äù"
"FOLKS! After you give your heart to Jesus, you're supposed to keep using your brain! ‚ÄòA phantom plague‚Äô: Evangelicals who defied social distancing guidelines are dying of coronavirus in frightening numbers ‚Äì Raw Story "
That‚Äôs why Bergen County have the most ppl with coronavirus 
I used Duckduckgo to search for 'Coronavirus: how dangerous is it?' and your Youtube video came up seventh. In Google: nothing.
"#Lebanon : for the 4th night in a row riots are taking place in the city of #Tripoli. The combination of economic collapse, government repression, corruption and #coronavirus lockdowns have made life unbearable for many Lebanese. #ŸÑÿ®ŸÜÿßŸÜ_Ÿäÿ™ŸÜŸÅÿ∂"
"Coronavirus lives for hours in air particles and days on surfaces, new US study shows "
Wtf. See Olympic 2012 opening with dancing nurses. Coronavirus 
If they have time to play they need to go home. Doesn't look as if their services are needed. That is not in anyway funny. People have died and went through hell with the coronavirus and their mocking them. Very unprofessional
Coronavirus live news: Brazil sees record increase in cases 
This video about coronavirus charts is very clarifying: 
"OMG! Thunberg said in a statement that ‚Äúlike the climate crisis, the coronavirus pandemic is a child-rights crisis‚Äù"
GOP decries ‚Äòimpeachment 2.0‚Äô as Pelosi names top Trump critics to coronavirus oversight panel #impeachment #coronavirus 
‚ÄùA roaring lion kills no game‚Äù. Sitting around and talking about something gains nothing. The saying also implies that you should work towards your goals quietly rather than bragging about your achievements prematurely. #coronavirus #COVID„Éº19 #leadership
"#COVID1984 #coronavirus From 9/11 we have learned there are 3 branches profiteering and working together, always hiding behind each others backs: 1. politics (propaganda) 2. commercial (marketing) 3. religion (belief). Think about it. How does that relate to #Covid1984?"
Interesting how #icantbreathe references both #GeorgeFloydMurder and #coronavirus
"I stay about 7 miles away from Nike European HQ in Hilversum, their office was shut for a deep clean as some of their staff had Coronavirus. This was around the same time. Nike representatives probably brought it with them."
"Most of them are Americans with legitimate grievances and concerns...not that Trump cares about them, or black Americans being murdered by police or the 105,000 dead from the coronavirus or anyone but himself...he's too busy putting the dick in dictator."
"COVID-19 patients who undergo surgery are at increased risk of postoperative death: Patients undergoing surgery after contracting coronavirus are at greatly increased risk of postoperative death, a new global study reveals. Researchers found that amongst‚Ä¶ "
"Romanian Prime Minister Ludovic Orban paid a 3,000 lei fine ($690) on Saturday for breaking his own coronavirus restrictions "
It's like the fact that we're only apparently 17 to 15% of the population meanwhile 40% of us so far have contracted the Coronavirus the last time I checked. Personally I blame the fact that not a lot of us have access to decent health care but that's neither here nor there.
"Check out video Bill Ryan excerpt (2010-1 min 22 sec), an engineered flu like virus to be released into the Chinese population and spreading to the West on http://youtu.be/0EO2jy6iskQ #coronavirus ......."
Coronavirus reveals the truth about Denmark‚Äôs costly carbon tax. Raising it is not considered now because of the economic uncertainty. 
Using inbound marketing to boost recruiting efforts post-coronavirus http://upflow.co/l/B2CX
11 Savvy Things I Was Already Doing When Coronavirus Hit That Brought Me Unexpected Peace https://livelifehomeschool.com/11-savvy-things-when-coronavirus-hit-unexpected-peace/ via @LLHomeschool
"Our weather this spring has been more LA than NL. It‚Äôs like coronavirus brought sunshine and warmth with it to Northern Europe, which has made the whole lockdown a bizarrely pleasant experience at times."
"Coronavirus May Be a Blood Vessel Disease, Which Explains Everything by @SmithDanaG in @elemental"
‚ÄòAmerica in 2020 has stunned itself with a collapse that‚Äôs larger and deeper than one miserable leader‚Äô The Coronavirus Revealed America‚Äôs Failures - The Atlantic 
Of course there are several reasons for the success of #NewZealand's handling of the #corona virus so far. But #leadership is definitely one of them:
"How New Zealand beat coronavirus: testing, tracing, trust in advice - @businessinsider"
"We've ""never"" had a FLU Vaccination Ms. Dawkins & , &amp; we'll never take a vaccine for the #coronavirus either! #Guaranteed PS: Its been over 10 YR's since we've had any cold &amp;/or flu like symptoms, &amp; we owe it to the 65 Vitamins, Supplements &amp; Herbs we take ""every day"" @POTUS"
Coronavirus: Restrictions return in South Korea after new spike in COVID-19 cases 
What CORONA VIRUS? What SOCIAL DISTANCING? 
#COVID19 #pandemic gets finally #mature #MinneapolisUprising #MinneapolisRiot #Minnesota #Plunder &amp; #arson DISASTER-DECADE 2017-2027 DISASTERS - #bushfires DISEASES - #coronavirus DEMOLITION- #Minneapolis AMAS; The Last Western #Prophet
I'm not talkin about little nut sacks in particular I'm just saying celebrities in general. If I remember correctly Megan the stallion and Beyonce donated to the coronavirus effort and so did Taylor Swift I believe (kind of iffy on that last one)
Eeeexactly You can't necessarily throw your money everywhere because you still need it at the end of the day but donating to a very important cause towards coronavirus or making your own type of cause or even hosting some type of live stream for charity that would be nice.
Coronavirus latest: Trump faces backlash over WHO exit
The Agenda Behind The Coronavirus Lockdown https://www.facebook.com/LondonReal/videos/577571826191161/ via @FacebookWatch
"Sweden is showing the world the effects of the wrong strategy. Please change strategy, Sweden! And the Netherlands please don‚Äôt follow this bad example! #COVID19 #COVID19NL #Netherlands #Sweden #coronavirus #schools #schoolreopening #christiandrosten"
"Inevitable, given the current state of politics. It acts as cover for ongoing coronavirus deaths &amp; racial injustice, &amp; we should all recognise that. That‚Äôs why I‚Äôm loath to give it any support beyond the simple &amp; crucial matter of two astros being delivered safely to space."
Horowitz: The CDC confirms remarkably low coronavirus death rate. Where is the media? https://www.conservativereview.com/news/horowitz-cdc-confirms-remarkably-low-coronavirus-death-rate-media/ via @RMConservative
Yeah I can get really frustrating when important shit is happening in the world and celebrities decline to comment on a fucking thing. Then again in cases like Vanessa Hudgens and the coronavirus it's just best to shut the fuck up so it depends.
"Remember, No One Is Coming to Save Us. Eventually doctors will find a coronavirus vaccine, but black people will continue to wait for a cure for racism. @rgay in @nytimes"
"Saw 'Coronavirus Outbreak' trending. Went to look and saw this notice. I like it. It should be done on all social media platforms, if it isn't already, given there's so much fake news fearmongering being peddled by conservative politicians, their propaganda rags and their fans. "
WHO declares global coronavirus emergency as death toll surges in China 
#coronavirus some #opinions
Bands ah make her dance #coronavirus https://store.playstation.com/#!/en-us/tid=CUSA08724_00
"The government of China states the number of cases of patients with pneumonia, not just the number of (newly) infected people with the corona virus. Different things.."
"The corona virus has now hit Finland, may my Finnish #stezaanators be safe"
Here's the investment strategy Bridgewater's Ray Dalio is using to deal with coronavirus http://dlvr.it/RP4r8j
"More than 300 of the world‚Äôs top 500 companies have a presence in Wuhan, #coronavirus. Now you know why #Who has to respond the way they did. Protecting WH by protecting world economy? #Automotive #electronics"
Now with the coronavirus I would guess 600k this year is max.
The @WHO DG has declared the current outbreak of novel #coronavirus 2019 (2019-nCoV)‚Äî a Public Health Emergency of International Concern (PHEIC)‚Äî in accordance with the International Health Regulations (IHR) (2005); the international legal framework that governs such situations.
WHO declares coronavirus outbreak an international emergency https://www.cbc.ca/news/world/who-reconvenes-assess-latest-coronavirus-1.5445775
There are several cases of confirmed coronavirus infections outside China where the persons didn‚Äôt go to China recently. So I am suspecting if there are other ways that virus is spreading other than human to human. #coronavirus #virusoutbreak
"All those things that are made or assembled in China, is there a danger/possibility of them being contaminated with virus? If yes, then everybody is screwed. Books, computers, phones, toys, kitchenwares, ikea knockoffs, cloths.... are mostly printed/made in China. #coronavirus"
All Atletico Madrid players diagnosed with Corona Virus next 2 weeks 
World Health Organization has declared corona virus a global emergency.
Germany confirms the 5th case of the #coronavirus in the south of the country. The patient is from the Traustein district in Munich. Details will be released to the media Friday 31 January
"Three people in NL tested for coronavirus, all results negative "
Coronavirus news just obliterated impeachment trial broadcast on Time livestreaming.
WHO declares Wuhan #coronavirus a public health emergency of international concern 
It‚Äôll be coronavirus or World War III.
"[Pandemic Breaking News: Pandemic expert Dr Steven Hatfill, WHO unreliable; this is already bigger than SARS, never had so large a quarantine attempt; need a travel ban; now have the 1st human-to-human transmission of coronavirus need ground verification] https://www.facebook.com/groups/621599241269755/permalink/2647268572036135/?sfnsn=mo"
-Mao -Tienanmen -Hong Kong -Concentration camps of Muslims -Mass censorship And probably tons more that I don't even know about. I've heard that Coronavirus was created by the CCP as a bioweapon to kill Taiwan and Hong Kong.
"Number of patients infected with #coronavirus in Germany rises to 5. The 5th patient is a colleague of the 4 other German patients, said to be infected by a Chinese colleague who led a training on 21Jan and became unwell on flight back to Shanghai 23Jan. "
"@NetflixNL tip ivm #CoronaVirus ""Pandemic: How to Prevent an Outbreak"" (over o.a. SARS) "
"wish the corona virus could just instantly move to people who use the word ""stan"" like please die"
I‚Äôm far more afraid of Duh Creature in the WH than I am of the coronavirus. Yet this dangerous is clearly *not* the leader needed if an epidemic begins.
"Establishment Admits: We Are ""Unable to Stop"" The Spread of the #Coronavirus https://buff.ly/3164hY1"
"BBC News - #Coronavirus declared global health emergency by WHO: ""declaration not a vote of no confidence in China's handling of the outbreak, but reflection of the damage the virus could do if it spread to countries with a weaker health infrastructure."" "
With #coronavirus another pestilence in back #Mao #COVID„Éº19 #CreepyThingsThatShouldntExist #Covid19 #CoronaVirusUpdates #CoronavirusOutbreak
#Coronavius #COVID19 #COVID„Éº19 resources and info via @ACPinternists @AcpCaribbean
Three graphs on the daily new cases outside China for #COVID19 
"Status update on #covid19 / #sarscov2 for 28-Feb-2020, 22:00 UTC"
Can we trust private hospitals in Nigeria to be up and ready for the fight against the COVID19 Will this people not start prescribing paracetamol to patients with the virus?? #COVID19Nigeria
"""Propensity Probability"", #COVID19 have Large Data ,could #AI statistic base change variable find how its moves around the globe?"
"#coronavirus face mask fetish.... wear a mask, no matter what - is the folk wisdom of the moment. #COVID19 #StockMarketCrash2020 #COVID2019 #CoronaVirusUpdates #CoronavirusOutbreak"
Don't use the google search engine anymore to keep yourself safe from a viral infection! #COVID19 #coronavirus
"As Japan now also confirms the first case of a patient who gets sick from the same #COVID19 virus for the second time, shows people likely don‚Äôt cure. As with the Malaria parasite the virus stays dormant in the body and can make you sick any time #CoronaVirusUpdates #Coronavid19"
"Before Turks, you‚Äôll die with Corona! Hope all racist like you terminated by Covid19."
@CellPressNews #CoronavirusResourceHub We are trying to fast track information share that can help us better understand the biology of the SARS-CoV-2 coronavirus #COVID19 for potential #vaccines https://www.cell.com/2019-nCOV. Relevant findings are shared immediately with the @WHO
The only responsible reaction to the #COVID2019 #COVID19 Crisis! Well done! Respect! Responsible tourism starts @ITB_Berlin 
Bill Gates: Coronavirus may be ‚Äòonce-in-a-century pathogen we‚Äôve been worried about‚Äô https://www.cnbc.com/2020/02/28/bill-gates-says-coronavirus-may-be-once-in-a-century-pathogen.html?__source=sharebar|twitter&amp;par=sharebar #covid19 #coronavirus
"Vietnam, #coronavirus: All 16 infected people in the country so far have recovered and been discharged. https://flutrackers.com/forum/forum/-2019-ncov-new-coronavirus/vietnam-2019-ncov/824060-vietnam-2019-n-cov-cases-15?p=832251#post832251 #SARSCoV2 #COVID19"
"A new experimental antibody test helped disease detectives at Singapore‚Äôs health ministry link two clusters of #COVID19 cases, each centered on a church in the city state. http://bit.ly/3adquGJ by @dnormile"
"Be really careful what you read & believe. We all need facts, not fear mongering, about #COVID19. "
Just reported $BVTK to #sec for making fraudulent #COVID19 statements. Hope they will shut this scam down #scamlist
#China against #COVID19 should be #humanity against #COVID2019 too!
"Here‚Äôs @realDonaldTrump on #COVID19 ‚ÄúIt‚Äôs going to disappear. One day it‚Äôs like a miracle, it will disappear.‚Äù I just flew in/out of New York, Sun&amp;Tues this week There was NOTHING about Coronavirus. No checks no advice no anti bacteria soap, nothin‚Äô... good luck with the miracle!"
Google employee tested positive. To all: Update your browsers' virus scanner. #GoogleAlerts #covid19 #COVID2019 #coronavirus #Corona #Coronavid19 #google #Zurich
"Bravo, EU! Doing the right thing Unlike #LiarJohnson &amp; his proto-fascist Brexit govt He can't even be arsed to call a Cobra meeting during #Covid19 crisis before 'his' weekend. He &amp; his brownlicker cabinet aren't fit for office #UKEU #RejoinEU #FBPE "
4 more people have tested positive for the #coronavirus in #Sweden bringing the total to 11. #COVID„Éº19 #CoronavirusOutbreak #Covid19 
No positive #COVID19 case detected yet.
Seems legit. #COVID19 #antivirus
"@lookner Possible third case in the Netherlands. Child of woman in Amsterdan (2nd case) is reported sick. Investigation on going if the child is also infected. If so, the child's day care will close. #COVID2019 #COVID19"
Thank you very much @DrTedros So we can all relax? Take it easy? #COVID2019 #Coronavius #Corona #COVID19 No need to panic people!
 STATEMENT Players alert FIFPRO to Coronavirus fears #COVID19 Read here: https://fifpro.org/en/health/players-alert-fifpro-to-coronavirus-fears
"Bi-phasic?? Woman confirmed as coronavirus case for 2nd time, weeks after initial recovery #COVID19 https://japantoday.com/category/national/japanese-woman-confirmed-as-coronavirus-case-for-2nd-time-weeks-after-initial-recovery#.Xlk0FpckMGA.twitter"
"Aanrader, als je ge√Ønteresseerd bent in de feiten tot nu toe rondom COVID19 #coronavirus Highly recommended, if you are interested in COVID19 #coronavirus The WHO-China Joint Mission Report on Coronavirus Disease 2019 https://www.who.int/docs/default-source/coronaviruse/who-china-joint-mission-on-covid-19-final-report.pdf"
"#Trump on spread of #COVID19 'I don‚Äôt think it‚Äôs inevitable. It probably will. It possibly will. It could be at a very small level or it could be at a larger level. Whatever happens, we‚Äôre totally prepared. We have the best people in the world.' https://presswatchers.org/2020/02/big-media-is-covering-up-trumps-terrifying-incoherence-in-a-time-of-emergency/ @froomkin"
The Four Coronavirus Scenarios: The Bad; The Worse; The Ugly; And The Unthinkable. FACTS COVID19 #coronavirus #Epidemic #CoronaOutbreak #Quarantine #ChinaVirus #2019nCoV #pandemic #COVID19 #COVID„Éº19 #Holland
We explore what #investors should know about the recent developments and market impacts of the #Coronavirus outbreak. #Finance #Investment #covid19 http://bit.ly/2Ta9WKi
1+ x + x¬≤ + x¬≥ + ... = x¬≥¬≤ En dan is het over.. #coronavirus #covid19
#Secondary attack #rate and superspreading events for SARS-CoV-2 - The Lancet #coronavirus #COVID19 #COVID„Éº19
One more person has tested positive for the #coronavirus in the Netherlands. The woman had traveled to Italy and is the second coronavirus patient in the Netherlands. #COVID„Éº19 #CoronavirusOutbreak #Covid19
Second Dutch person in NL (unconnected to first) confirmed to have contracted #COVID„Éº19 #COVID19 after visiting Lombardy #coronavirus
Breaking: BFMTV: In Hong Kong a dog has tested positive for infection with the Coronavirus. The dog has been placed in quarantaine. Experts say that there is no risk that dogs can transmit the virus to humans. #Coronavirus #COVID19 #Breaking
"first they ignore you, then they laugh at you, then they fight you, then you win #coronavirus #–∫–æ—Ä–æ–Ω–∞–≤–∏—Ä—É—Å #COVID19 #SARSCoV2"
@Worldometers 2nd case in Netherlands of #covid19
"If I catch Covid19, I'm going to a hospital and cough in every doctor's face until I get some help. =)"
"In regards of #COVID19, make sure you eat spicy food once a day. Eating your daily dish with aprox 20k - 50k Scoville units decreases the chance of infection with 48% "
"2nd case of Dutch #covid19 #Coronavid19 in the #netherlands confirmed. Well, this country is so small, we're all infected by the time I finished writing this tweet."
Also a mortality rate of 0.1 - 0.15% for the flu vs. 2 - 3% in COVID19. That's 10 - 20 times more deadly.
"So the first people with #COVID19 have been diagnosed in the Netherlands. Everyone ""Oh no! Corona!"" Also everyone: - *makes racist jokes* - *doesn't cover their mouth when coughing* - *doesn't wash hands* - *doesn't get vaccinated for yearly flu with similar death toll*"
New research proves #Coronavirus is lab edited and didnot evolve naturally: https://www.sciencedirect.com/science/article/pii/S0166354220300528 / https://www.naturalnews.com/2020-02-19-covid-19-coronavirus-found-to-contain-gain-of-function-for-efficient-spreading-human-population.html #covid19 #Amsterdam
"#Dutch officials especially the #Rivm didnot take #Coronavirus serious at all. Carnavals went on, Flights to/From #China went on. while so many citizens complained about the attitude of #Rivm #Covid19 #Amsterdam"
"Many were vaccinated to control it. There is no vaccine for Covid19, hence why it is more dangerous than flu."
Cryo-EM analysis of a feline coronavirus spike protein reveals a unique structure and camouflaging glycans https://www.pnas.org/content/early/2020/01/02/1908898117¬†‚Ä¶
"True statement: 
""There are many potential causes of viral pneumonia, many of which are more common than severe acute respiratory syndrome coronavirus‚Äù.   IF common viral ethology, by the time people have pneumonia, depending on test used the primary ethology may not be detected"
(Avian) influenza virus seems to be ruled out. Coronavirus still a possibility. Hopefully this will be solved soon #NGS #metagenomicshttps://www.bbc.com/news/world-asia-china-50984025¬†‚Ä¶
This is the most detailed information so far on the detection of a novel #coronavirus in several patients with #UndiagnosedPneumonia from #Wuhan.https://twitter.com/ProMED_mail/status/1214949581571665922¬†‚Ä¶
ProMed: The novel coronavirus was sequenced from a sample from 1 patient and subsequently found in some of the others affected. Chinese authorities haven't concluded that the strain is the underlying cause of sickness in all the patients http://www.promedmail.org/post/6876648¬†
Avian Flu Diary: WSJ Report Links Novel Coronavirus To Wuhan Pneumonia Cluster https://afludiary.blogspot.com/2020/01/wsj-report-links-novel-coronavirus-to.html¬†‚Ä¶
"""I think they really should share the sequence data, so that we can all make sure we can test for this virus if we get travelers from this region,"" @MarionKoopmans says about the newly discovered coronavirus in China. http://bit.ly/2FxRVOg¬†"
Thread on Wuhan pneumonia cases: presumably a novel coronavirus has been identified (preliminary determination).  https://twitter.com/WHOWPRO/status/1215167436804128776¬†‚Ä¶
Wuhan pneumonia outbreak: Mystery illness 'caused by variant of coronavirus' https://www.bbc.co.uk/news/world-asia-china-51047576¬†‚Ä¶
"WURS-CoV  Thus far no casualties, so WURS cases seem to do better than SARS and MERS cases #coronavirus #Wuhan #naminghttps://twitter.com/SmitsLab/status/1215194542976180224¬†‚Ä¶"
It is official: new coronavirus detected in 15 pts in the Wuhan outbreak. Entire genome sequence obtained (deposited where?). No mention yet of name (WARS/WERS-CoV?). Diagnostic PCR primers coming soon (I hope!) https://twitter.com/ProMED_mail/status/1215128079057739783¬†‚Ä¶
Informative article from @SCMPNews on detection of novel coronavirus in patients from #Wuhan with #UndiagnosedPneumonia.https://twitter.com/SCMPNews/status/1215104187337453568¬†‚Ä¶
"Xinhua News Agency, quoting Chinese expert Xu Jianguo: ‚ÄúOutbreak of mystery viral pneumonia in Wuhan is believed to be down to a new type of coronavirus that has emerged.... in analysing pathogen test results, conclusion [is] that the virus is new, & different from SARS or MERS.‚Äù https://twitter.com/rthk_enews/status/1215104482117181440¬†‚Ä¶"
"Initial protocol for detection of Wuhan coronavirus outside China. Further validation ongoing, stay tuned for updates  https://www.who.int/docs/default-source/coronaviruse/wuhan-virus-assay-v1991527e5122341d99287a1b17c111902.pdf?sfvrsn=d381fc88_2¬†‚Ä¶"
"Warpspeed publishing: analysis of travel data combined with a disease vulnerability index, applied to the risk of cases of new coronavirus outside of Wuhan
https://academic.oup.com/jtm/advance-article/doi/10.1093/jtm/taaa008/5704418¬†‚Ä¶"
"Woman with new coronavirus quarantined in Thailand, 1st case outside China https://www.cbc.ca/news/health/coronavirus-thailand-1.5424811¬†‚Ä¶"
"Wow! fast...

Initial genome release of #novel #coronavirus https://buff.ly/2QL0c87¬†
#china #pneumonia"
"Health authorities in the central Chinese city of Wuhan on Saturday reported the country's first death from a new type of coronavirus.

https://valleycentral.com/news/nation-world/china-reports-1st-death-from-new-type-of-coronavirus¬†‚Ä¶pic.twitter.com/PALB47xe6X"
"Laboratory testing of human suspected cases of novel coronavirus (nCoV) infection.
Interim guidance, 10 January 2020 @WHO https://apps.who.int/iris/bitstream/handle/10665/330374/WHO-2019-nCoV-laboratory-2020.1-eng.pdf¬†‚Ä¶"
"Surveillance case definitions for human infection with novel coronavirus (nCoV). Interim guidance v1, January 2020 @WHO https://apps.who.int/iris/bitstream/handle/10665/330376/WHO-2019-nCoV-Surveillance-v2020.1-eng.pdf¬†‚Ä¶"
"Dromedary auction at King Abdulaziz Camel Festival, Saudi Arabia. Unconsciously, I wonder whether the dromedaries are infected with #MERS #coronavirus, and what the risk of infection is for the crowd of men. @marionkoopmans @bart_haagmans @ReinaSikkemahttps://www.nrc.nl/nieuws/2020/01/11/de-bulls-eye-a3986493¬†‚Ä¶"
Lethal SARS-linked coronavirus claims first life as China‚Äôs pneumonia outbreak infects dozens https://www.rt.com/news/477992-china-coronavirus-first-death/¬†‚Ä¶
"Exactly what crossed my mind. Korean patient also did not visit market. Market maybe only the tip of the iceberg. If we only had serology to probe extent of this outbreak, subclinical cases, etc #Wuhan #coronavirus #nCoV #serology #patiencehttps://twitter.com/SRileyIDD/status/1217780020665556992¬†‚Ä¶"
"Number of infections presumably largely underestimated
#Wuhan #coronavirus #outbreakhttps://www.bbc.com/news/health-51148303¬†‚Ä¶"
"Congratulations China for successfully spreading #Coronavirus
#bioweapon #biohazard #MadeInChinahttps://twitter.com/FT/status/1218570069917282304¬†‚Ä¶"
Happy new year of #Coronavirus
No screening for new #Sars-like #virus at #UK #airports ‚Äì yet. #Coronavirus https://www.theguardian.com/world/2020/jan/18/no-airport-screening-for-new-sars-like-virus-yet-china?CMP=share_btn_tw¬†‚Ä¶
BBC News - New Chinese virus 'will have infected hundreds' https://www.bbc.com/news/health-51148303¬†‚Ä¶ #coronavirus
"*#Wuhan #China #Coronavirus*

A new virus has been found in China, Thailand and Japan that has crossed the Animal / Human Infection ability and it is a different form of Coronavirus. Be careful 
https://www.bbc.com/news/health-51148303¬†‚Ä¶"
"Why do I have to read half the article before you skip scare tactics and start talking about the virus?

Say it's a coronavirus earlier. Bring up MERS earlier. https://twitter.com/NBCNews/status/1218391336606412801¬†‚Ä¶"
Some thoughts on the new coronavirus https://www.volkskrant.nl/ts-b370a7c7¬† via @volkskrant
"Thailand detects 2nd case of 2019-nCov (new coronavirus) 

https://flutrackers.com/forum/forum/-2019-ncov-new-coronavirus/china-2019-ncov/821830-china-41-diagnosed-2019-ncov-new-coronavirus-cases-in-wuhan-hubei-province-december-30-2019-2-fatal-cases-119-under-observation?p=823055#post823055¬†‚Ä¶ h/t Alert, Tetano"
Student at Texas A&M University being treated for suspected case of novel coronavirus https://www.click2houston.com/news/local/2020/01/23/brazos-county-investigating-suspected-case-of-novel-coronavirus/¬†‚Ä¶
Virologist who helped identify SARS on current coronavirus: 'This time I'm scared' https://theweek.com/speedreads/891321/virologist-who-helped-identify-sars-current-coronavirus-time-im-scared¬†‚Ä¶
"Novel Coronavirus that recently emerged in China: The new cluster of viral pneumonia cases originating in Wuhan, China, marks the third time in 20 years that a member of the large family of coronaviruses (CoVs) has jumped from animals to humans and‚Ä¶ http://dlvr.it/RNdX8p¬†"
"Eurosurveillance | Real-time tentative assessment of the epidemiological characteristics of novel coronavirus infections in Wuhan, China, as at 22 January 2020. Some observations: case definition initially used quite selective; hospital fatality rate 14% https://www.eurosurveillance.org/content/10.2807/1560-7917.ES.2020.25.3.2000044¬†‚Ä¶"
Scientists race to find out how #Wuhan victims became ill. #coronavirus #Chinahttps://www.theguardian.com/science/2020/jan/25/scientists-race-to-find-out-how-wuhan-victims-became-ill-coronavirus?CMP=share_btn_tw¬†‚Ä¶
#coronavirus No victims in Russia yet! Though? pic.twitter.com/6iRQpfFpzJ
"Inside the horrific, inhumane animal markets behind pandemics like coronavirus https://nypost.com/2020/01/25/inside-the-horrific-inhumane-animal-markets-behind-pandemics-like-coronavirus/?utm_source=twitter_sitebuttons&utm_medium=site%20buttons&utm_campaign=site%20buttons¬†‚Ä¶ via @nypost"
"#Coronavirus spread accelerating in #China, says Xi Jinping. #virus #verspreidinghttps://www.theguardian.com/science/2020/jan/25/coronavirus-puts-50m-people-in-china-under-lunar-new-year-lockdown?CMP=share_btn_tw¬†‚Ä¶"
Not so cute when you realize she brought the corona virus though is she https://twitter.com/mtrcycledriveby/status/1220920356577464320¬†‚Ä¶
"Saw 'Coronavirus Outbreak' trending. Went to look and saw this notice.

I like it. It should be done on all social media platforms, if it isn't already, given there's so much fake news fearmongering being peddled by conservative politicians, their propaganda rags and their fans. pic.twitter.com/bKrN3teQPh"
WHO declares global coronavirus emergency as death toll surges in China https://www.rawstory.com/2020/01/who-declares-global-coronavirus-emergency-as-death-toll-surges-in-china/¬†‚Ä¶
I have serious problems with the name Corona virus. it's sounds like a warm summerday feeling having too many Corona's with a a piece of lime instead of the armoggedon like shit it could be.
Watch Live: Coronavirus update from World Health Organization https://www.youtube.com/watch?v=64xY75MlbZ4&feature=share¬†‚Ä¶
"SPREADSHEET: https://gisanddata.maps.arcgis.com/apps/opsdashboard/index.html#/bda7594740fd40299423467b48e9ecf6¬†‚Ä¶    TOTALS: https://docs.google.com/spreadsheets/d/1yZv9w9zRKwrGTaR-YzmAqMefw4wMlaXocejdxZaTs6w/htmlview?usp=sharing&sle=true¬†‚Ä¶
#WuhanCoronavirus #CoronaOutbreak #CoronavirusOutbreak #coronarvirus #coronavirus #coronarovirus"
"I am fully convinced that this #CoronaVirus is already a lot worse than people know. Then again, I‚Äôm letting twitter convince me."
"This #CoronaVirus map kind of reminds me of Agent USA on the C64.
https://gisanddata.maps.arcgis.com/apps/opsdashboard/index.html#/bda7594740fd40299423467b48e9ecf6¬†‚Ä¶
#AgentUSA #C64 #scary"
"The Dow Fell 170 Points Because the Coronavirus Is Greeting the Year of the Rat - Barron's. Dow is not done rising yet!  At least another 5k.  Maybe 10k!  Then it will crash!

BIG!  LIKE BLACK TUESDAY IN 1929!

It may crash b4 or after Nov. 2!

 https://apple.news/AssQZllwkT8eyDdnOqwmvyg¬†‚Ä¶"
"The sharp increase of confirmed cases has a lot to do with the ability of the #coronavirus to spread. Currently it seems that human-to-human transmission is getting stronger.

read: http://www.chinadaily.com.cn/a/202001/29/WS5e30dddda310128217273862.html¬†‚Ä¶"
"People are connecting Kobe's unexpected death with coronavirus. Jeez ppl! 

Get a hold of yourself. Apparently, Kobe's death is to cover up coronavirus news!!! 

I don't want smoke what you are smoking."
"Yeah, but it's not the same variant.. it's just another coronavirus. But with different characteristics. They patent new found viruses to protect vaccine rights so their efforts in creating vaccines can be protected and rewarded."
"If you're retweeting unsourced ""information"" from an anonymous #CoronaVirus account, fucking stop it.

Disinformation harms people. This isn't hard."
"#2019nCoV #China #WHO Leader of Expert Team to Leave for China on Monday, Tuesday Amid Coronavirus Crisis - WHO: https://sputniknews.com/asia/202002081078263707-leader-of-expert-team-to-leave-for-china-on-monday-tuesday-amid-coronavirus-crisis---who/¬†‚Ä¶ via @SputnikInt"
"Although the new numbers from Hubei look promising, for the first time they revealed the amount of suspected cases:
""There are 23,638 suspected cases, of which 12,918 were concentrated and 1,128 were excluded that day"" So a large pool remains that has not been tested #coronavirus"
This thread about the #coronavirus is worth reading https://twitter.com/gnomeicide/status/1225797543797436417¬†‚Ä¶
"#FakeNews on #CoronaVirus -- The picture of these fresh displayed Pangolins is taken on a market in #Nigeria, not in #China. I know this picture from my study on the roots of the #Ebola viruspic.twitter.com/Plko4QKLPy"
"Twitter and Facebook Outline Efforts to Keep People Accurately Informed About Coronavirus http://seoy.es/vbbqrhv5¬† - via @BusinessTop25, by @socialmedia2daypic.twitter.com/ra3HjaZP1Z"
"#coronavirus under #chinazi becomes even a larger problem than it otherwise is.
#ChinaVirus #WuhanFlu #Chinacoverup #ChinaLieshttps://twitter.com/steve_hanke/status/1225145249669926912¬†‚Ä¶"
Double corona virus
It's just the flu #coronavirus https://twitter.com/BNODesk/status/1226633282365857793¬†‚Ä¶
"#GoVegan and die both mentally and physically underdeveloped, or what? Need we remind you of the cucumber bacteria outbreak a few years ago? https://www.newscientist.com/article/dn20526-death-toll-rising-in-cucumber-bacteria-outbreak/¬†‚Ä¶ Shame on you for trying to exploit the #coronavirus crisis!"
Coronavirus ‚Äì gruesome pics show hundreds of barbecued dogs and raccoons as China raids illegal wildlife markets ‚Äì The Sun https://www.thesun.co.uk/news/10887030/coronavirus-gruesome-animal-carcuses-china-crackdown-illegal-wildlife-markets/¬†‚Ä¶
"I have gained the title ""dancing coronavirus guy"""
"#coronavirus #warning -- pets are not exotic animals. Corona is known to bats, crocodiles ( yes, Chinese eat crocodiles!) and other let me say unusual meat at #Chinese markets."
"#coronavirus #WARNING: Antibiotics does not help against the virus. They are meant to treat bacteria infections. A virus is not an bacteria. Then, herbal treatment does also not work because there is no herb that curbs the virus."
"When H1N1 virus broke out in the US, nobody called it American virus. How about you worry about your own country‚Äôs influenza B, which hold way more higher death rate than corona virus. Human race shall be united to fight the virus, yet you draw people‚Äôs attention to racism,shame!"
What a pity that the coronavirus didn't hit you
"Below a chart of the daily new patients in hospitals being treated for #coronavirus (#convid19) in Hubei, #China. 
How are they able to find the space for an avarage of 2000 to 3000 new patients daily? I think they can not and a lot still remain at home, infecting families/otherspic.twitter.com/TJFim8MskG"
"Below a chart of the daily new patients in hospitals being treated for #coronavirus (#convid19) in Hubei, #China. 
How are they able to find the space for an avarage of 2000 to 3000 new patients daily? I think they can not and a lot still remain at home, infecting families/otherspic.twitter.com/lzpDzCAKlq"
"'Wholly inappropriate' quarantine practices may have helped spread coronavirus on the Diamond Princess cruise ship, experts say https://www.businessinsider.com/quarantine-may-have-helped-spread-cruise-ship-coronavirus-experts-say-2020-2¬†‚Ä¶"
"Dus....18 maanden grenzen dicht ?

Coronavirus vaccine could be ready in 18 months, WHO officials say: 'We are not defenseless' https://fxn.ws/2Hg7ifi¬† #FoxNews"
"Scientists worry coronavirus could evolve into something worse than flu, says quarantined expert https://cnb.cx/3bq2dyE¬†"
Almost no new cases anymore.. this is fantastic news! Unfortunately not have see one video from recovering people who give hope to others. @NCOVNEWS @coronavirus
"Freed from coronavirus quarantine, US evacuees face discrimination http://dlvr.it/RPrrFg¬†"
Ping An Good Doctor reports jump in users amid coronavirus outbreak http://dlvr.it/RPrrFX¬†
Letters | Why coronavirus outbreak has made Hong Kong even more angry http://dlvr.it/RPrrD7¬†
"I‚Äôm not going anymore to UK due to this #Coronavirus, fucking hell find a vaccine asap, i need to follow @WWEUK everywhere!"
"Yup, you‚Äôre so right! This article proves it; (Dutch; coronavirus or not, bats are still eaten) https://www.telegraaf.nl/nieuws/506973646/corona-of-niet-vleermuis-blijft-populaire-maaltijd¬†‚Ä¶"
"Letters | Coronavirus crisis calls for compassion, not bigotry http://dlvr.it/RQMzfF¬† #Coronavirusoutbreak #EqualOpportunitiesCommissionEOCpic.twitter.com/V17ngftNJr"
Coronavirus deaths taper in Hubei province with 108 confirmed http://dlvr.it/RQMzdw¬† #Coronavirusoutbreak #CoronavirusoutbreakAllstoriespic.twitter.com/1mDtObE4Qa
"#coronavirus in Iran: Videos in social media show Iranian Police Special Units in the entrance of Qom, the city that reported two death because of COVID-19 https://twitter.com/RadioZamaneh/status/1230268677376921600¬†‚Ä¶"
Hoping the situation of #Iran is a wake up call for #EuropeanUnion 2shut down all travels & schools immidiately to isolate state countries before its too late. #Covid19 #Coronavirus #TheNetherlands #Germany #France #Spain #Italy #Austria #Norway #Denmark #Portugal #Holland
Whats now exactly going on #Iran #Coronavirus #Covid19
"Yeah, because Boston is groundzero of the coronavirus. Give me a break."
Two #Wuhan #Coronavirus cadavers dissected for medical study: Why so late? https://news.cgtn.com/news/2020-02-16/Two-coronavirus-cadavers-dissected-for-medical-study-Why-so-late--O8ybmJ1Jfy/index.html¬†‚Ä¶ via @cgtnofficial
@scruffy65 @NOS @geenstijl @NUnl @rivm @ai6yrham update coronavirus not good news https://twitter.com/BNODesk/status/1227741314911031296¬†‚Ä¶
China accused of under-reporting coronavirus outbreak - https://on.ft.com/2UO36LI¬† via @FT
"This is great piece of information. Well done!
#convid19 #wuhan #china #coronavirus https://twitter.com/caixin/status/1229912315308298240¬†‚Ä¶"
Damn coronavirus becoming a real problem in japan
"#Coronavirus infection may be spread by people without symptoms, mounting evidence suggests https://www.inquirer.com/health/coronavirus-transmission-asymptommatic-nejm-german-report-20200218.html?__vfz=medium%3Dsharebar¬†‚Ä¶ via @phillyinquirer"
Perhaps the only good side of the #coronavirus #COVID19 - the whole World can now see how cruel the SYSTEM in #China truly is. You can't un-see these pictures. You can't say anymore that you were not aware....https://twitter.com/jenniferatntd/status/1228419572749012993¬†‚Ä¶
More than 3 million #Uyghurs and other Turkic people in #China‚Äôs concentration camps now face the risk of dying by starvation and #coronavirus.
Coronavirus: #HongKong tourist arrival numbers go into free fall amid cross-border restrictions to tackle deadly outbreakhttps://www.scmp.com/news/hong-kong/hong-kong-economy/article/3050674/coronavirus-hong-kong-tourist-arrival-numbers-go¬†‚Ä¶
The #HongKong hospital founder who raced to Wuhan coronavirus epicentre knowing full well of impending lockdown https://www.scmp.com/news/hong-kong/health-environment/article/3050467/my-presence-needed-wuhan-hospital-founder-hong¬†‚Ä¶
CORONA UNMASKED: Chinese Intelligence Officer Reveals True Magnitude of China‚Äôs Fake ‚ÄúCoronavirus‚Äù Crisis | The UFO Spotlight On‚Ä¶ https://ufospotlight.wordpress.com/2020/02/13/chinese-intelligence-officer-reveals-true-magnitude-of-chinas-coronavirus-crisis/¬†‚Ä¶
"Letters | As Hong Kong fumbles, Europe shows the way on coronavirus crisis http://dlvr.it/RQ0HlB¬†"
Restaurant group shutters hotpot chains amid coronavirus fears http://dlvr.it/RQ0Hl7¬†
"Opinion | China says it will stop the coronavirus spread, and it will http://dlvr.it/RQ0Hkc¬†"
Apple will miss quarterly earnings estimates due to coronavirus https://www.axios.com/apple-will-miss-quarterly-earnings-estimates-due-to-coronavirus-558c2871-eea6-47b6-9ab8-c0b1cd3f96ce.html¬†‚Ä¶
"Good to know: #coronavirus have been found to persist on inanimate surfaces ‚Äî including metal, glass or plastic surfaces ‚Äî for as long as 9 days if that surface had not been disinfected, according to research published earlier this month in The Journal of Hospital Infection. pic.twitter.com/rHWU2F82Bb"
Coronavirus clouds Apple's timeline for new iPhones http://dlvr.it/RQlPGP¬†pic.twitter.com/sextTiWIu6
"Coronavirus crimping alumina supply but smelting impact unclear, Alcoa says http://dlvr.it/RQlNv9¬†"
"Quick signature: Say ""NO!"" to a monopoly for a coronavirus vaccine! https://action.momsrising.org/sign/coronavirus_vax_bigpharma?akid=s640005..9lI_kl¬†‚Ä¶"
Trump attempts to reassure Americans that he has coronavirus ‚Äòvery much under control‚Äô https://www.rawstory.com/2020/02/trump-attempts-to-reassure-americans-that-he-has-coronavirus-very-much-under-control/¬†‚Ä¶
"Dutch papers ""Dont eat cats and dogs""! To prevent getting the coronavirus........why?"
"The demented dems are wishing to use the Corona virus against our President Trump. 
They need reported. pic.twitter.com/q3sMsOyFgV"
"Coronavirus COVID-19 Global Cases by Johns Hopkins CSSE

https://gisanddata.maps.arcgis.com/apps/opsdashboard/index.html#/bda7594740fd40299423467b48e9ecf6¬†‚Ä¶"
Over 5000 Pigs Buried & burnt alive due to the Spread of #Coronavirus #B... https://youtu.be/8sqbNWDGVyA¬† via @YouTube
"Status update #coronavirus #covid19, 21-Feb-2020 23:00 GMTpic.twitter.com/yBE08wRSAC"
"Foreign students are worth about A$35 billion a year to the Australian economy, with Chinese students accounting for about a third of that figure. #coronavirus #Australiahttps://www.theepochtimes.com/australian-university-offers-chinese-students-nearly-1k-to-return-via-third-country-amid-coronavirus-outbreak_3245725.html/amp?__twitter_impression=true¬†‚Ä¶"
World Health Organization warns window of opportunity to stem COVID-19 coronavirus ‚Äònarrowing‚Äô ‚Äî as new cases soar https://www.rawstory.com/2020/02/world-health-organization-warns-window-of-opportunity-to-stem-covid-19-coronavirus-narrowing-as-new-cases-soar/¬†‚Ä¶
10 Italian towns in lockdown over COVID-19 coronavirus fears https://www.rawstory.com/2020/02/10-italian-towns-in-lockdown-over-covid-19-coronavirus-fears/¬†‚Ä¶
"The man who was patient zero until yesterday evening is actually not zero at all. He is not the starting point of the @coronavirus in northern #Italy. They have no clue who is patient zero. Scary. 
 
#convid19 #SARSCoV2https://twitter.com/Corriere/status/1231362969193283585¬†‚Ä¶"
"Epidemics grow in ignorance!Trumpland is full of ignorance! You suppose if Corona virus attacks poor third world stars like ""red states"",it will carry on and eliminate many voters, naturally?Like instead of war to limit population,a nice pandemic is less damage to infrastructure! https://twitter.com/RawStory/status/1231360713161105409¬†‚Ä¶"
Iran‚Äôs hardliners ahead in election marred by coronavirus threat http://dlvr.it/RQYs9h¬† #Coronavirusoutbreak #CoronavirusoutbreakAllstoriespic.twitter.com/daQBsoeB1Q
"Worldwide, more than 81,000 people have been infected with the #coronavirus and more than 2,700 have died pic.twitter.com/pRcQUylHWJ"
"#Coronavirus threat to YOUR holiday: Millions of trips are at risk as BA cancels flights and fresh cases are reported across Europe from Norway to Greece and on every continent except Antarctica

https://www.dailymail.co.uk/news/article-8048853/Coronavirus-threat-holiday-Millions-trips-risk-BA-cancels-flights.html¬†‚Ä¶pic.twitter.com/5AavZIt45C"
"The incompetent manner in which Trump is handling the ‚ÄúCORONAVIRUS‚Äù is DANGEROUS
I will not advice anyone to attend his Rallies‚Ä¶ 
HE IS DANGEROUS
https://twitter.com/gtconway3d/status/1232868990898376705?s=20¬†‚Ä¶"
And in one month he will fired Mike Pence for not controll the Corona virus.
"@RealJamesWoods Honestly, I believe the coronavirus is China's way of dealing with those that were protesting for democracy back in November. Now, they can kill a lot of people and blame it in the virus. Something similar will happen in the U. S."
"@POTUS loves us one and all and is not afraid of a little flu. It‚Äôs not the Coronavirus that‚Äôs killing people.7.7 billion people in world 83,00 have the flu 2,800 dead. What‚Äôs killing theworld is Anarchist who are spreading lies and chaos keeping essential workers and people home https://twitter.com/thehill/status/1233085637231665153¬†‚Ä¶"
Trump Isn‚Äôt Listening To Scientists On The Coronavirus https://www.politicususa.com/2020/02/27/trump-isnt-listening-to-scientists-on-the-coronavirus.html¬†‚Ä¶
Choked (Hopefully next time I do will be because of Coronavirus)
Trump admin sent workers without protective gear to assist coronavirus evacuees: whistleblower https://www.rawstory.com/2020/02/trump-admin-sent-workers-without-protective-gear-to-assist-coronavirus-evacuees-whistleblower/¬†‚Ä¶
‚ÄòGaze adoringly at you‚Äô: Internet mocks Trump‚Äôs claim coronavirus leader Mike Pence has ‚Äònothing else to do‚Äô https://www.rawstory.com/2020/02/gaze-adoringly-at-you-internet-mocks-trumps-claim-coronavirus-leader-mike-pence-has-nothing-else-to-do/¬†‚Ä¶
"Hey @realDonaldTrump, I don't see you bragging about this stockmarket. Try committing to containing and defeating the Coronavirus, and the markets will follow. You aren't sending the right message by putting (as per your modus operandi) an unqualified person in charge..like Pence https://twitter.com/mommamia1217/status/1233165521048231936¬†‚Ä¶"
"8,400 Californians are being monitored for COVID-19 as state braces for coronavirus https://www.rawstory.com/2020/02/8400-californians-are-being-monitored-for-covid-19-as-state-braces-for-coronavirus/¬†‚Ä¶"
Markets are ‚Äògetting ready for something worse‚Äô amid coronavirus chaos: Expert https://www.rawstory.com/2020/02/markets-are-getting-ready-for-something-worse-amid-coronavirus-chaos-expert/¬†‚Ä¶
All US Navy ships in the Pacific near countries with coronavirus ordered to self-quarantine for 14 days https://www.rawstory.com/2020/02/all-us-navy-ships-in-the-pacific-near-countries-with-coronavirus-ordered-to-self-quarantine-for-14-days/¬†‚Ä¶
"Odds in investors‚Äô favour after coronavirus upends Macau stocks, analysts say http://dlvr.it/RQcN0D¬† #HangSengIndex #Coronavirusoutbreakpic.twitter.com/whadV6XvSI"
Letters | Is there a link between climate change and the new coronavirus? http://dlvr.it/RQcMzy¬† #Disease #WorldHealthOrganisationpic.twitter.com/In3vCVlid0
"World is approaching #coronavirus #tipping point, experts sayhttps://www.theguardian.com/world/2020/feb/23/world-is-approaching-coronavirus-tipping-point-experts-say?CMP=share_btn_tw¬†‚Ä¶"
RT @WimvanderPoel1: SARSCoV2 in farmed mink in the Netherlands. How it started
RT @AdamJKucharski: Useful summary of evidence that the observed declines in COVID-19 epidemics across Europe were the result of difference‚Ä¶
"RT @MaryJoe38642126: .@CDCgov .@CDCDirector .@CDCemergency .@CDCGlobal 
.@USDA .@USDAFoodSafety .@realDonaldTrump .@WhiteHouse 

#MeatIsNot‚Ä¶"
"First locally transmitted cases found in weeks. 
This should be watched closely. 

In the meantime, the US and Braz‚Ä¶ https://t.co/eIcQGtWI1z"
"RT @DarrenEuronews: Top 5 countries üåç with highest number of #coronavirus cases

1. üá∫üá∏ USA (Trump)
2. üáßüá∑ Brazil (Bolsonaro)
3. üá∑üá∫ Russia (P‚Ä¶"
Research consortia from the rapid  EU Corona call that was launched as soon as WHO declared a PHEIC . Writing grant‚Ä¶ https://t.co/t0IMZ6NJ7d
"RT @brexit_sham: Astounding footage of @BorisJohnson 'cramming covid' on his return from a two week Kent jolly with Carrie Symonds. 

Crimi‚Ä¶"
RT @MarionKoopmans: Research consortia from the rapid  EU Corona call that was launched as soon as WHO declared a PHEIC . Writing grant app‚Ä¶
RT @WimvanderPoel1: SARSCoV2 in farmed mink in the Netherlands. How it started
RT @AntibioticDoc: Spoiler: herd immunity is a long way away (vaccine please!!) but the alternative - quick natural herd immunity - many ma‚Ä¶
"RT @OECD: What measures have countries around the üåç taken to address the #coronavirus pandemic?

Our #COVID19 Country Policy Tracker allows‚Ä¶"
Interesting alternative #investment: Price cuts have been widely deemed necessary for the success of this year‚Äôs de‚Ä¶ https://t.co/UKcd6B8i9p
RT @QuickTake: Beijing shut down its largest wholesale vegetable market after detecting new #coronavirus cases among a few business owners.‚Ä¶
"#DonaldTrump says, while the #coronavirus has killed 115K people now, that we are doing great and the economy is bo‚Ä¶ https://t.co/vxKLuObvL4"
"RT @drive_mpower: How to rebuild local economies after #COVID19 in a fair, inclusive and secure way? @CLESthinkdo has developed a framework‚Ä¶"
"@Reuters the numbers don't add up, did you see? Did you investigate?
Netherlands
#COVID19 https://t.co/2rcc2zVMPh"
"RT @francediplo_EN: #COVID19 
Travel restrictions to France from European countries will be lifted from 15 June, except:
By ‚úàÔ∏èfrom üá™üá∏: rest‚Ä¶"
RT @FHmediastuff: There were real heroics at the start of #covid19 in Ireland. The IMJ has the full details. Take a bow @eamofaller and @dr‚Ä¶
RT @UNMaltaMission: #Malta üá≤üáπ is proud to be among 132 signatories supporting SG @antonioguterres üá∫üá≥ @UN Communications Response Initiative‚Ä¶
"RT @DDNewslive: 17th Passing Out Parade held at Officers' Training Academy, Gaya while adhering to guidelines amid the #Covid19 pandemic ht‚Ä¶"
#COVID19 risks dismantling recent progress towards #SDGs in #Africa and casting millions of people back into‚Ä¶ https://t.co/lxIutVTnML
#digitalization helps #fishery sector to adapt to #COVID circumstances in #Oman and other countries in the region. https://t.co/vAnWhA9lHx
"RT @Maryam_Rajavi: Ali Younesi has contracted the #COVID19 disease in Evin Prison, a flagrant crime against humanity despite previous warni‚Ä¶"
"RT @FairFashionTT: Garment workers are predominantly women, facing a challenging work environment. The #Covid19 crisis hits them even harde‚Ä¶"
Visiting my mother. #COVID19 https://t.co/EK8IUlfSsA
"Bill &amp; Melinda Gates Foundation - Animation

Bill Gates finally tells the truth. #BillGatesIsEvil @leondewinter‚Ä¶ https://t.co/R3568ENDaz"
"RT @snappysna: ALTER EGO 
Oil on canvas 
#art #modernart #kunst #twitart #artwit #Denhaag #cultuur #ArtistOnTwitter #artforsale #frankvande‚Ä¶"
‚Äú... the early introduction of face masks in Jena has resulted in a reduction of almost 25% in the cumulative numbe‚Ä¶ https://t.co/rJWUsL6mEV
"RT @TheDailyEdge: A Whirlpool plant in Tulsa, Oklahoma has temporarily closed due to a coronavirus outbreak one week before Trump holds a r‚Ä¶"
Policymakers in Europe should use the disruptions caused by #COVID19  to reflect and reset the discussions on the C‚Ä¶ https://t.co/YIjTEbnzAF
RT @AlistairsWorld: Seems like there is a huge number of Indian Twitter accounts devoted solely to trolling Chinese and making racist comme‚Ä¶
"RT @priyadamini24: #Thread üßµ 

As India‚Äôs #COVID19 tally inches towards the 3 lakh mark, here is a thread of IMPORTANT CRUCIAL THINGS THE G‚Ä¶"
The latest The Peter Wouda Daily! https://t.co/ijfd7Yb4zJ #leadonclimate #covid19
"RT @sanchezcastejon: Spain is coleader in initiatives such as the ACT-Accelerator to achieve equitable access to vaccines, treatments and d‚Ä¶"
"RT @peijin_zhang: #Beijing 's largest wholesale food market shutdown after the spike in #COVID19 cases. The city's Fengtai district is in ""‚Ä¶"
"RT @sanchezcastejon: Spain is coleader in initiatives such as the ACT-Accelerator to achieve equitable access to vaccines, treatments and d‚Ä¶"
"RT @sanchezcastejon: Spain is coleader in initiatives such as the ACT-Accelerator to achieve equitable access to vaccines, treatments and d‚Ä¶"
"""As the world begins to consider how we come back from the pandemic, we have a responsibility as individuals, commu‚Ä¶ https://t.co/y1CFkPsKRB"
RT @UNDP: +90% of global trade is transported on the high seas.  What can we do to green the #BlueEconomy after #COVID19? @AndrewGHudson ou‚Ä¶
"RT @youngmedwia: 70%of healthcare and social workers are women. This #pandemic hit them double: in work and privat life, when in vulnerable‚Ä¶"
"RT @GreekAnalyst: ""#Greece has gambled on a decision to relax #COVID19 health inspections at ports and airports to try to avoid another cri‚Ä¶"
RT @Hardeep_Matharu: Useful thread on part of a report - allegedly held back by Government - on the disproportionate impact of COVID-19 on‚Ä¶
"We have partnered with ExactCure, giving them access to Pharmapendium to aid their development of personalized mode‚Ä¶ https://t.co/KPhKjNbReF"
"RT @Tejasvi_Surya: The only CM in India today who can start his weekend with a breakfast at MTR - city‚Äôs most famous joint. 

Sri @BSYBJP‚Äôs‚Ä¶"
RT @SAfridiOfficial: I‚Äôve been feeling unwell since Thursday; my body had been aching badly. I‚Äôve been tested and unfortunately I‚Äôm covid p‚Ä¶
"RT @UN_Women: In some countries, #COVID19 infections among female health workers are 2x that of their male counterparts. 

Governments must‚Ä¶"
RT @AmsterdamRLDT: A poster on Amsterdam‚Äôs window brothel: Working at home? I can‚Äôt work anywhere! Sex workers have the right on equal trea‚Ä¶
"RT @MileyCyrus: Spain, you united in solidarity with Black Lives Matter in the US. We must keep standing together to tackle #COVID19 and it‚Ä¶"
"üö®  Data privacy in the COVID-19 pandemic: where do we go from here?

Watch Reg Baker, ESOMAR NA Ambassador discuss‚Ä¶ https://t.co/fexrkF0NEI"
"RT @COLOR3_trial: üì£Study update #TaTME 
422 of 1104 included üßÆ
Impact of #COVID19 on the monthly rate ‚¨áÔ∏è
By restarting elective surgery üåèin‚Ä¶"
"RT @francediplo_EN: #COVID19 
Travel restrictions to France from European countries will be lifted from 15 June, except:
By ‚úàÔ∏èfrom üá™üá∏: rest‚Ä¶"
"To fight #COVID19 and the #FoodCrisis, we need a #FeministResponse: 
""Now is the time to rethink our systems with a‚Ä¶ https://t.co/D1UDyykdQR"
"RT @WaywardWinifred: Still can't believe how Andrew Cuomo can say with a straight face that he crushed the curve when Hong Kong, with a pop‚Ä¶"
"RT @both_ends: To fight #COVID19 and the #FoodCrisis, we need a #FeministResponse: 
""Now is the time to rethink our systems with a holistic‚Ä¶"
"RT @YourAnonNews: Yesterday, there were 140,927 new cases of #COVID19 and 4,603 additional deaths were reported in the past 24 hours.

This‚Ä¶"
RT @OskarGstrein: Germany‚Äôs attempt to roll out digital #ContactTracing as quickly as possible also means no comprehensive #security checks‚Ä¶
"RT @Tejasvi_Surya: The only CM in India today who can start his weekend with a breakfast at MTR - city‚Äôs most famous joint. 

Sri @BSYBJP‚Äôs‚Ä¶"
"RT @antonioguterres: Saturday marks the 100-day countdown to #PeaceDay.

We are living through a difficult time, but we can turn the #COVID‚Ä¶"
"RT @WorldBankWater: The #COVID19 crisis highlights the need for urgent action to cushion the pandemic‚Äôs health &amp; economic consequences, pro‚Ä¶"
"A number of publishers (incl. ACS, Elsevier, SpringerNature, Wiley) reserve the right to have #COVID19-related pape‚Ä¶ https://t.co/ZKuqCndhq5"
Who is Bill Gates? https://t.co/vkNY3P58Op #billgates #gates #who #wef #gavi #bigpharma #covid19 #vaccines #id2020‚Ä¶ https://t.co/z4AITBUZo0
"RT @both_ends: To fight #COVID19 and the #FoodCrisis, we need a #FeministResponse: 
""Now is the time to rethink our systems with a holistic‚Ä¶"
RT @globaltimesnews: #Beijing's Fengtai district raised¬†the¬†risk¬†level of its Xiluoyuan Street community and Huaxiang area to medium from¬†l‚Ä¶
Full documentary. ‚¨áÔ∏è
"RT @GiaconMaster: Under the sun

#white #relax #warm #nude #naturelovers #natural #light #happyplace #control #art #12giugno #COVID19 #sun‚Ä¶"
"RT @BBCNewsnight: ""I regret every single death.""

First Minister Nicola Sturgeon talks to @KirstyWark about her government‚Äôs response to #C‚Ä¶"
"RT @trishgreenhalgh: Above all, don‚Äôt be poor."
"RT @MsPhelps: A number of publishers (incl. ACS, Elsevier, SpringerNature, Wiley) reserve the right to have #COVID19-related papers removed‚Ä¶"
Refuse to get tested.
"RT @itsTAGofficial: BREAK: #COVID19 in the Netherlands (13-06)

cases: 48.640 (+179)
fatalities: 6.057 (+4)
hospitalisations: 11.822 (+9)‚Ä¶"
oowh this still going damnn
"RT @sanchezcastejon: Spain is coleader in initiatives such as the ACT-Accelerator to achieve equitable access to vaccines, treatments and d‚Ä¶"
RT @StephenMcDonell: Here are some of the clips of the People‚Äôs Armed Police marching into XinFaDi wholesale market earlier today. Pt 1...‚Ä¶
RT @ESPNMichele: Mask up üò∑ this is not a game
The latest Empowerment ! https://t.co/uMNq9ABv5g Thanks to @NYNJCouncil @folioUAlberta @_Jhasaurabh #leadership #covid19
RT @Livingstone_S: Here I am explaining how #GlobalKidsOnline methods contributed to the #CovidUnder19 project to hear #children's voices a‚Ä¶
RT @dgazettesports: #COVID19 Task Force to study fall sports announced https://t.co/WQU8ePUAO1 @NYSPHSAA @Sect2athletics #coronavirus https‚Ä¶
"RT @VanDexter7: FAKE MEDIA

#WWG1WGA #WWG1WGAWORLDWIDE #QArmy #QAnons #Patriots #PatriotsFight #GreatAwakening #InItTogether #WeAreTheNewsN‚Ä¶"
RT @TheDailyEdge: Weird. The Deputy Treasury Secretary is looting the $3 trillion #COVID19 bailout fund and @realDonaldTrump hasn‚Äôt had HIM‚Ä¶
"RT @Alexhodson10: Special blunts for the weekend üëäüèªüëäüèª
Old school ü§ôüèª
Shelf blogüíê
No capüí•üëè
Breakfast ü•û 

#CannabisCommunity #cannabisculture‚Ä¶"
RT @SportieDoc: 'I'm still too weak to exercise': Former professional athlete and doctor who first had Coronavirus in January warns of its‚Ä¶
"New #COVID19 cases June 12 2020:
23 countries with 1000 or more new #COVID„Éº19 cases

Source:‚Ä¶ https://t.co/yp79sx27iL"
"RT @MsPhelps: Elsevier will end free access to #COVID19 related content on Oct 29.  

And: 
- these papers could then also get taken down f‚Ä¶"
"RT @GlobalGreenDeal: Research VU University and KPMG: 'The Netherlands should choose to contain #COVID19'
https://t.co/LTZTMwefxi
-  Yields‚Ä¶"
"RT @LeeRoden89: Enjoying Atleti's ""Scotland are the unofficial world champions"" style argument. (That if they don't finish the Champions Le‚Ä¶"
"RT @RobertDeNiroUS: """"Our nation's nurses are now being forced to fight against two enemies-- although one is much dumber than the other.""""‚Ä¶"
Hillary #Clinton Mocked for Criticising #Trump Rally Over #COVID19 Risk After Promoting #BLM Marches | Sputnik Inte‚Ä¶ https://t.co/SyjYacNZf4
Hillary #Clinton Mocked for Criticising #Trump Rally Over #COVID19 Risk After Promoting #BLM Marches | Sputnik Inte‚Ä¶ https://t.co/4xlJkVBNgP
"@mlazarou + Based on the last announcement, Cyprus categorized NL as a high risk country for #COVID19"
The head of the #Corona taskforce in #USA ü§≠ #Covid19 #COVIDIOTS #COVID19NL
"What else do you need to wake up?
You just hear it from Bill himself.
#wakeup #WWG1WGA #WeAreTheNewsNow #walkaway‚Ä¶ https://t.co/J8owrj6w3h"
"Juan Pablo Bohoslavsky, former #UN Independent Expert on Debt &amp; Human Rights, explains why #COVID19 economy vs huma‚Ä¶ https://t.co/oQfdoDKTNo"
"RT @RomaRobbie: What else do you need to wake up?
You just hear it from Bill himself.
#wakeup #WWG1WGA #WeAreTheNewsNow #walkaway #MAGA #CO‚Ä¶"
RT @NATOpress: Great idea for diplomatic dialogue in #COVID times from @marisagerards @oeysteinboe! #NATO is a political-military Alliance‚Ä¶
RT @marty_walsh: Today I am declaring racism a public health crisis in the @CityofBoston. The health impacts of historic and systemic racis‚Ä¶
"RT @peijin_zhang: #Beijing 's largest wholesale food market shutdown after the spike in #COVID19 cases. The city's Fengtai district is in ""‚Ä¶"
"#AstraZeneca, Emergent BioSolutions sign $87M deal to produce U.S. supply of #COVID19 vaccine https://t.co/5TInuknP9k"
.@WIIS_global member Roxana Allen published a piece on correcting #genderinequality with #AI amid #COVID19. Interes‚Ä¶ https://t.co/SwknWYkJFX
"RT @Castor: The #COVID19 crisis is the right time to adopt decentralized and hybrid clinical trials -&gt; https://t.co/frHNwwcykv 

Read how C‚Ä¶"
RT @ErasmusMCPH: What are the effects of different exit strategies? @fdabl has developed a Shiny app that uses the #COVID19 model developed‚Ä¶
"RT @agitpopworld: @sarahcpr ""Here's Johnnie...""

#COVID19 #theshining https://t.co/OqPx8d865M"
RT @AmsterdamRLDT: A poster on Amsterdam‚Äôs window brothel: Working at home? I can‚Äôt work anywhere! Sex workers have the right on equal trea‚Ä¶
"RT @DrOz: ‚ÄúIf she can‚Äôt get the paper at the sidewalk, which is 20 feet from the house, in this pandemic, how is she going to get the thing‚Ä¶"
"A remarkably honest and insightful interview.
""We've been guided by fear.""
""Testing and tracing central to managing‚Ä¶ https://t.co/0gjKXm8wfS"
"RT @OviCondrea: What are the chances any #covid19 spikes in the US will ever be attributed to the recent mass protests. I‚Äôd say ZERO...

Re‚Ä¶"
"Interesting overview of science of  #COVID19  treatments including ivermectine, famotidine and over the counter thi‚Ä¶ https://t.co/w6irUAcyne"
RT @Sean_OHanlon: Want to see #COVID19 data that is probably much more accurate than what the state of Florida is telling you? Well then yo‚Ä¶
RT @AstraZeneca: We have reached an agreement with the Inclusive Vaccines Alliance to supply up to 400 million doses of @UniofOxford‚Äôs pote‚Ä¶
"RT @yourICM: #COVID19 induced #AKI in critically ills with #SARSCoV2 #Coronavirus infection: several mechanisms possibly involved, prevalen‚Ä¶"
"RT @LotusOak2: Dr Vladimir (Zev) Zelenko @zev_dr : ""This article is full of information that human beings can use to save their own lives a‚Ä¶"
This is the sad state of the nation when the chief nurse in the U.K. is banned by the govt to for refusing to condo‚Ä¶ https://t.co/AN8QvqR6Ow
"RT @MileyCyrus: Spain, you united in solidarity with Black Lives Matter in the US. We must keep standing together to tackle #COVID19 and it‚Ä¶"
"This raises doubts that letting the virus burn itself out would be a sensible, safe and ethical answer to the‚Ä¶ https://t.co/XHGoHqvxLJ"
RT @MileyCyrus: Across the Netherlandsüá≥üá± you united in solidarity with Black Lives Matter in the US. We must keep standing together to tack‚Ä¶
"RT @WomenDeliver: ‚ÄúOur formal economy is only possible because it‚Äôs subsidized by women‚Äôs unpaid work.‚Äù

#COVID19 has exposed gender fault‚Ä¶"
RT @ProfessorsBlogg: #Sweden authorities express great astonishment on its neighbouring countries #Finland #Denmark #Norway decision of not‚Ä¶
"RT @institute_si: WEBINAR, 25 JUNE, 11:00 am BST.
Join a #Rohingya-only panel, as they discuss the human rights impact of the #COVID19 pand‚Ä¶"
"RT @ILO_Childlabour: #COVID19 presents unprecedent risks to the rights, safety and development of children, This #nochildlabourday find out‚Ä¶"
"RT @htTweets: Sikkim records spike in #Covid19 cases, govt defers reopening of schools

(reports @PramodGiri1) 

https://t.co/B4VGiLPQSA ht‚Ä¶"
"Funny how #COVID19 has found large gatherings of irresponsible and racist men ‚¨áÔ∏è

#BlackLivesMatter"
"RT @ScienceMagazine: A new off-label observational study suggests that the FDA-approved drug acalabrutinib, already used to treat several B‚Ä¶"
Wondering how movies these days will look like when actors has to keep social distance ü§îü§î Is Hollywood making movie‚Ä¶ https://t.co/HC5cvqwv5y
"THE UHOO VIRUS INDEX - WHITE PAPER 

A patent-pending technology that uses the power of air quality data to optimiz‚Ä¶ https://t.co/BQpDyFUBVv"
"RT @CDCgov: The latest CDC #COVIDView report shows that, after declining for several weeks, the percentage of people testing positive natio‚Ä¶"
RT @BrentToderian: Nothing in how we prioritize street space is written in stone or inevitable. It‚Äôs just a product of our priorities. If a‚Ä¶
"RT @yourICM: #COVID19 induced #AKI in critically ills with #SARSCoV2 #Coronavirus infection: several mechanisms possibly involved, prevalen‚Ä¶"
"i am so tired. between coronavirus and elections shit, i'm just mentally exhausted. and now with my father in the hospital needing surgery for his broken femur, and all that entails, i just want to cry"
Letters | China‚Äôs coronavirus battle is no time to play politics http://dlvr.it/RR6syR¬† #Coronavirusoutbreak #Diseasepic.twitter.com/QON6XQZlY7
"If you feel the symptoms of the Coronavirus, before you go to a hospital, go to all those people who wronged you and give them a big hug "
"at my job (home-depot) everyone is going crazy buying the n95 masks i asked a customer why she needed them she said she works with part of the medical center in houston and they‚Äôre bringing people from SA that have the coronavirus but the news wont say it bcs of the rodeo, sad af"
"Tea Time returns today.

https://www.youtube.com/watch?v=UbnZShoV9Qk¬†‚Ä¶

Discussing all the news that matters to you from the Corona Virus to Mayor Pete to Mitch McConnels  consistent lack of attention to the safety of American citizens.

All the news, none of the noise.  

#TeaTime @ethanjsomers"
"The enemy of the #coronavirus are people who don‚Äôt comprehend what can turn an epidemic into a pandemic event. No one ever said that you should ‚Äúpanic‚Äù, but heightening awareness to whatever degree will benefit all of us."
Festival South by Southwest in Texas afgelast om angst coronavirus http://dlvr.it/RRPRVq¬†pic.twitter.com/UrmHYgEooY
"This country must be testing their citizens.
Italian coronavirus deaths jump to 197, cases climb to 4,636 https://reut.rs/39vrA0I¬†"
people that buy fake followers should get the coronavirus and then be healed after admitting to buying fake followers
Coronavirus Porn Is Going Viral on Pornhub https://www.vice.com/en_us/article/xgq5ew/coronavirus-porn-going-viral-pornhub-xhamster?utm_campaign=sharebutton¬†‚Ä¶ via @vice
Press release - Coronavirus: MEPs to debate current outbreak and EU reaction http://dlvr.it/RRGFwk¬†
"| Coinpigeon | THS #001 - Thomas Hunt Show, CoronaVirus, Trace & MimbleWimble - Picard, Primary, Atypical https://www.youtube.com/watch?v=lqrAmRViwrY¬†‚Ä¶"
"A pet dog in Hong Kong has a ‚Äúlow-level‚Äù infection of the coronavirus that causes covid-19 in people, in what may be the first known human-to-animal transmission of the novel coronavirus #oeps #COVID„Éº19https://www.washingtonpost.com/science/2020/03/05/coronavirus-dogs-cats/¬†‚Ä¶"
Those festivals aint shutting down! They will pass around more stds than corona virus those weeks! 
Just A Reminder That Most People Recover From Coronavirus https://junkee.com/coronavirus-death-toll/245434¬†‚Ä¶
"100% FREE  Corona Awareness High Definition Printable Posters (Yes, Absolutely Free) for Offices
https://curiouspiyuesh.com/coronavirus-posters/¬†‚Ä¶
#coronavirus #coronaflu #coronavirusNederland #coronavirusindia #CoronaVirusChallenge #CoronaVirusIndonesia #coronavirusInkenyapic.twitter.com/WIn7TnPuU8"
"Wrong.
Nothing equal.
Inaccessibility to healh care will be the reason so many Americans will die from #coronavirus. Combined with poverty. And the unimaginable incompetence of the tRUmp administration."
"Investors should expect the Coronavirus to dissipate by summer or earlier, and the stock market will steadily return with a vengeance.  Now is the time to buy, not sell."
the government is a ebola made disease like coronavirus https://twitter.com/Fizward/status/1236290450404839424¬†‚Ä¶
"What a dope!

Nolte: Bette Midler Attacks Trump for Not Wanting ‚ÄòAmerica‚Äôs Coronavirus Numbers‚Äô to ‚ÄòGo Up‚Äô http://bit.ly/2IzPvjz¬† via @BreitbartNews"
"What a dope!

Nolte: Bette Midler Attacks Trump for Not Wanting ‚ÄòAmerica‚Äôs Coronavirus Numbers‚Äô to ‚ÄòGo Up‚Äô http://bit.ly/2IzPvjz¬† via @BreitbartNews"
catch it bin it kill it protocol sounds like see it say it sorted #newstreet #coronavirus #bigblender #nationalrail #britishtransportpolice
"As a person with anxiety, the coronavirus causing in-class university courses being shifted to online courses is really stressful  can‚Äôt be the only one."
"Yep. I'm glad we're taking the corona virus seriously, but it'd be nice if we took all infectious diseases that threaten people's lives and well-being this seriously. If not for our own sakes, then for the more vulnerable among us."
Horrifying images inside live animal market feared 'ground zero' for Coronavirus https://www.mirror.co.uk/news/world-news/horrifying-images-inside-live-animal-21357611?utm_source=twitter.com&utm_medium=social&utm_campaign=sharebar¬†‚Ä¶
"No, @Korn surgical masks will NOT help you prevent #coronavirus. 

https://bit.ly/2IyVXaE¬†
#korn #kornmask #Corona #COVID2019 #COVID19 #jonathandavis"
OMG!!! Jared!!!...the #coronavirus response!?...Middle East peace!?...nooooooooooooo https://twitter.com/jamesglenday/status/1238539151877824512¬†‚Ä¶
"Republican Governor & mayors should one up them with wide range halt to all abortions during the corona virus ,you know just because! Page out of the corrupt democrats playbook!"
How to Share Weed Without Spreading Germs During the Coronavirus Pandemic #CannabisCommunity #Cannabishttps://flip.it/N4pemR¬†
"Free testing for #coronavirus for ALL AMERICANS
Wat is wijsheid? Maar dit  ei is gelegd.
#verzekerd of #onverzekerd
#coronavirusNederland 
Beautiful expression of personality! Instead of claiming her victory, she turned directly to the American people to spread the message.https://twitter.com/briantylercohen/status/1238155454108151808¬†‚Ä¶"
"When you're drunk all the time, there is virtually no chance of getting infected by the Corona Virus. Viruses and, for that matter, bacteria can't survive the alcohol in your body.

Too bad I'm a total abstainer "
"Husband says there was an old woman ON OXYGEN at the store today saying she can tell who the real Montanans are because they're the ones not staying home.

#okboomer #coronavirus #COVID„Éº19"
"As Coronavirus Outbreak Intensifies, Trump Puts Big Oil Interests Ahead of American Families http://feedproxy.google.com/~r/Truthdig/~3/qSuDbY6BhfQ/¬†‚Ä¶"
"No indeed: there isn‚Äôt any time left for morons to be in charge. 

#Wiebes #wiebesmoetweg #UBIStimulus #basisinkomen #nu!! #coronavirus #HumanityFirsthttps://twitter.com/scottsantens/status/1239300261606236160¬†‚Ä¶"
"Number of coronavirus cases in U.S. surges past 3,000 https://theweek.com/speedreads/902408/number-coronavirus-cases-surges-past-3000¬†‚Ä¶"
"Of course.  Because America will be better off when the herd is violently and irreversibly culled of science denying idiots, endangering the lives of others.

PS - Your guns can't kill coronavirus."
"Canberra's $137m coronavirus stimulus package will offer cash payments, tax waivers and arts funding  https://www.abc.net.au/news/2020-03-20/act-government-stimulus-package/12073774¬†‚Ä¶ via @ABCNews"
"hopefully, the police will catch them, As thinking, they are above everything, they will probably also ignore the coronavirus intervention, I hope they get a coronavirus, Let's see if they are also so tough then, probably not."
Italy and the Coronavirus: The Price of Luxury https://spectator.org/coronavirus-the-price-of-luxury/¬†‚Ä¶
"Fund the #TheIndoWorldPhotoProject

&euro;Donatiebedrag:

&nbsp;

Euros

Kies je donatiebedrag:1,- Euro or more..: Follow the World Trip on Polarsteps + Get a free portraitshoot with Armando33,- Euro or more..:  #comparison #Coronavirus https://bit.ly/2Uss6Gh¬†pic.twitter.com/kWpEwdwzT4"
"The case for shutting down almost everything, and restarting when coronavirus is gone.
Option C  is it!
#COVID19Aushttps://www.theguardian.com/commentisfree/2020/mar/21/the-case-for-shutting-down-almost-everything-and-restarting-when-coronavirus-is-gone?CMP=Share_iOSApp_Other¬†‚Ä¶"
"Yes, Sean Hannity, You Did Call Coronavirus A ‚ÄòHoax‚Äô And Here‚Äôs The Proof https://crooksandliars.com/2020/03/yes-sean-hannity-you-did-call-coronavirus¬†‚Ä¶"
North Korean fired two projectiles ‚Äî as Trump is distracted by coronavirus pandemic: report https://www.rawstory.com/2020/03/north-korean-fired-two-projectiles-as-trump-is-distracted-by-coronavirus-pandemic-report/¬†‚Ä¶
 30 new patients died of coronavirus in the Netherlands today
"Lol my OB is stopping prenatal care and ultrasounds that aren't ""medically necessary"" thanks to the #coronavirus. So unless something goes wrong or I go into labor, I have no more prenatal care. COOL. It's awesome living in a medically third world country."
Did you say you had Corona virus? Have you fully recovered?
"Senate Passes Clean Bill to Combat Coronavirus, Stops Nancy Pelosi‚Äôs Abortion Funding Attempt https://www.lifenews.com/2020/03/18/senate-passes-clean-bill-to-combat-coronavirus-stops-nancy-pelosis-abortion-funding-attempt/#.XnK1Ike4Tu5.twitter¬†‚Ä¶"
"http://Techleap.nl¬† is asking for input from startups. 

What are the struggles your startup is facing as we are all dealing with #coronavirus? 

Fill in this Typeform, so they can coordinate support aimed at your problems:
https://lnkd.in/g9sUHRu¬†
#DutchTechEcosystem"
I dont know whats crazier the corona virus or the nfl off season
"1-There is no doubt that you have noticed that the Dutch government has taken measures to curb the spread of the coronavirus in the Netherlands.  To make sure the message is understood, I will list some of the important measures and recommend:"
"@realDonaldTrump
@SpeakerPelosi 
The Corona virus is fake !  
Democat witch-hunt
Why don't government produce "" actual"" test hard copies. Why you keep the data secret"
"Why outbreaks like coronavirus spread exponentially, and how to ‚Äúflatten the curve‚Äù - Washington Post https://www.washingtonpost.com/graphics/2020/world/corona-simulator/¬†‚Ä¶"
"The case for shutting down almost everything, and restarting when coronavirus is gone.
Option C  is it!
#COVID19Aushttps://www.theguardian.com/commentisfree/2020/mar/21/the-case-for-shutting-down-almost-everything-and-restarting-when-coronavirus-is-gone?CMP=Share_iOSApp_Other¬†‚Ä¶"
"Yes, Sean Hannity, You Did Call Coronavirus A ‚ÄòHoax‚Äô And Here‚Äôs The Proof https://crooksandliars.com/2020/03/yes-sean-hannity-you-did-call-coronavirus¬†‚Ä¶"
North Korean fired two projectiles ‚Äî as Trump is distracted by coronavirus pandemic: report https://www.rawstory.com/2020/03/north-korean-fired-two-projectiles-as-trump-is-distracted-by-coronavirus-pandemic-report/¬†‚Ä¶
 30 new patients died of coronavirus in the Netherlands today
"Lol my OB is stopping prenatal care and ultrasounds that aren't ""medically necessary"" thanks to the #coronavirus. So unless something goes wrong or I go into labor, I have no more prenatal care. COOL. It's awesome living in a medically third world country."
Did you say you had Corona virus? Have you fully recovered?
"Canberra's $137m coronavirus stimulus package will offer cash payments, tax waivers and arts funding  https://www.abc.net.au/news/2020-03-20/act-government-stimulus-package/12073774¬†‚Ä¶ via @ABCNews"
Africa has a head start in managing coronavirus @AJEnglishhttps://aje.io/yunrp¬†
"Senate Passes Clean Bill to Combat Coronavirus, Stops Nancy Pelosi‚Äôs Abortion Funding Attempt https://www.lifenews.com/2020/03/18/senate-passes-clean-bill-to-combat-coronavirus-stops-nancy-pelosis-abortion-funding-attempt/#.XnK1Ike4Tu5.twitter¬†‚Ä¶"
"http://Techleap.nl¬† is asking for input from startups. 

What are the struggles your startup is facing as we are all dealing with #coronavirus? 

Fill in this Typeform, so they can coordinate support aimed at your problems:
https://lnkd.in/g9sUHRu¬†
#DutchTechEcosystem"
I dont know whats crazier the corona virus or the nfl off season
", Trump called the Coronavirus the ‚ÄúChinese Virus‚Äù . I‚Äôm just glad it didn‚Äôt come from Africa. #NiggaVirus
 
The Nigga virus is strong. Spreading quickly believe me. The virus smokes newports. Runs really fast. Believe me. USA USA USA."
"@realDonaldTrump
@SpeakerPelosi 
The Corona virus is fake !  
Democat witch-hunt
Why don't government produce "" actual"" test hard copies. Why you keep the data secret"
"Why outbreaks like coronavirus spread exponentially, and how to ‚Äúflatten the curve‚Äù - Washington Post https://www.washingtonpost.com/graphics/2020/world/corona-simulator/¬†‚Ä¶"
"#ProTip: If you're having trouble filling the void in your coronavirus life, listen to the #HOPWAG podcast of @HistPhilosophy...
https://historyofphilosophy.net/¬†"
"hopefully, the police will catch them, As thinking, they are above everything, they will probably also ignore the coronavirus intervention, I hope they get a coronavirus, Let's see if they are also so tough then, probably not."
Italy and the Coronavirus: The Price of Luxury https://spectator.org/coronavirus-the-price-of-luxury/¬†‚Ä¶
"Fund the #TheIndoWorldPhotoProject

&euro;Donatiebedrag:

&nbsp;

Euros

Kies je donatiebedrag:1,- Euro or more..: Follow the World Trip on Polarsteps + Get a free portraitshoot with Armando33,- Euro or more..:  #comparison #Coronavirus https://bit.ly/2Uss6Gh¬†pic.twitter.com/kWpEwdwzT4"
"Husband says there was an old woman ON OXYGEN at the store today saying she can tell who the real Montanans are because they're the ones not staying home.

#okboomer #coronavirus #COVID„Éº19"
"As Coronavirus Outbreak Intensifies, Trump Puts Big Oil Interests Ahead of American Families http://feedproxy.google.com/~r/Truthdig/~3/qSuDbY6BhfQ/¬†‚Ä¶"
"No indeed: there isn‚Äôt any time left for morons to be in charge. 

#Wiebes #wiebesmoetweg #UBIStimulus #basisinkomen #nu!! #coronavirus #HumanityFirsthttps://twitter.com/scottsantens/status/1239300261606236160¬†‚Ä¶"
"Number of coronavirus cases in U.S. surges past 3,000 https://theweek.com/speedreads/902408/number-coronavirus-cases-surges-past-3000¬†‚Ä¶"
"Of course.  Because America will be better off when the herd is violently and irreversibly culled of science denying idiots, endangering the lives of others.

PS - Your guns can't kill coronavirus."
