"Nothing you can ‚Äúbrag about ‚Äú will ever erase your Dereliction of Duty when it comes to several things, including but not limited to the Coronavirus Pandemic Outbreak that is taking lives as you TWEET. Your complete lack of compassion and empathy is disgusting and appalling."
Animals take advantage of a world in coronavirus lockdown https://mol.im/a/8268769 via @MailOnline
"The con-artist‚Äôs failure to heed the warnings about coronavirus and act quickly has set a train into a domino effect that now imperils large swathes of the US. I‚Äôm sure Trump is working for Russia, he‚Äôs compromised just like the rest of the Republican GOP, there‚Äôre all TRAITORS! "
Gilead drug proves effective against coronavirus in US study 
"Numbers show damage of #coronavirus shutdown, but SC could bounce back in 2020, economists say "
DHEC increases Thursday coronavirus deaths by 29 after cross analysis 
"SC public health officials have confirmed 29 previously unrecorded #coronavirus deaths, bringing the state's total to 232 "
Coronavirus could lead to DOUBLE normal malaria deaths in Africa https://mol.im/a/8270813 via @MailOnline
Policed from above: #SouthCarolina beach town uses drone to enforce social distancing for #coronavirus 
"After this corona virus, I‚Äôm taking my baby to Texas with us. He‚Äôs fully potty trained now anyways "
LIVES LOST: It‚Äôs been two months since the first U.S. coronavirus death. Here‚Äôs a look at some of the lives lost 
I just checked the coronavirus data at my late mom's former nursing home. Tragic numbers. Nearly a quarter of the residents there currently have coronavirus as do 14 staff members. Prayers for everyone at my mom's former facility. 
Will Texas Lead The American Resurgence From Coronavirus Lockdown? 
"More than 1,000 NYPD officers are infected with coronavirus "
"Just saw Pearl Jam is trending. Glad it‚Äôs not for coronavirus. So, here‚Äôs a picture of me wearing my ‚ÄúAlive‚Äù T-shirt somewhere around 1992. I mean, it‚Äôs a class picture, but I‚Äôm pretty easy to spot. "
Japanese island hit by second wave of coronavirus after lockdown ends https://mol.im/a/8270245 via @MailOnline
"Parents, please read covid-19 is doing something different in kids than adults. Europe has been seeing an uptick in these new cases & it now starting to show in US. First U.S. case of rare inflammatory syndrome linked to coronavirus https://mol.im/a/8267721 via @MailOnline"
How the Coronavirus Pandemic Has Shattered the Myth of College in America 
This is AWESOME. Military planes salute workers on front lines of coronavirus pandemic wi... https://youtu.be/UO31ms_LVh8 via @YouTube
Richland County is losing hundreds of June primary poll workers to coronavirus fears 
@scdhec identifies 29 additional deaths associated with #coronavirus. https://bit.ly/2VNxNQZ
"Let's show some numbers. Testing 1.7% Cases over 1 million Deaths over 60,000 #COVID19 #coronavirus #PeopleOverProfit #HealthyAtHome #StayHome #PPEShortages #VoteBlue2020"
DHEC discovers 29 people died of coronavirus the agency didn‚Äôt know about. 
".@scdhec has announced an additional 29 deaths related to #COVID19 #coronavirus that had not been previously reported, bringing the statewide total to 5,910 cases and the death toll to 232. Also, beaches are open. Have fun. "
DHEC: 29 more coronavirus deaths in South Carolina that previously thought 
"The national and South Carolina economies are showing the toll of the economic shutdowns triggered by the coronavirus pandemic, but a substantial recovery is possible, according to two economists. "
@realDonaldTrump @vp @PressSec We still have to continue with social distancing and require restaurant workers to wear masks after reopening. #PeopleBeforeProfit #COVID19 #coronavirus #CDC #DisinfectantDonnie #PPEShortages
"DHEC said they have identified 29 new coronavirus deaths in South Carolina which had not been reported previously, including 11 people in the Upstate. "
"DHEC discovers 29 people died of #coronavirus the agency didn‚Äôt know about, @sfretwell83 reports https://www.thestate.com/news/local/environment/article242385101.html #sctweets"
BREAKING: DHEC identifies 29 more coronavirus-related deaths that were previously unreported in South Carolina. The state's death toll is now up to 232. 
"Sorry but unless they've redesigned the entire plant there's no way to keep the recommended distance between you and your coworkers, one car going down the line that has been exposed to the Coronavirus will infect 2/3 of the workforce."
#remdesivir is the drug Trump needs to stockpile like he did with hydrochloraquin. Wonder why he‚Äôs not cheerleading this one like he did the other? #remdesevir #coronavirus #COVID19
"COLUMBIA, S.C. ‚Äî The South Carolina Department of Health and Environmental Control (DHEC) today announced 130 new cases of the novel coronavirus COVID-19, and 11 additional deaths were reported to DHEC.This brings the total number of people confirme‚Ä¶ "
29 previously unrecorded coronavirus deaths in S.C. were confirmed Wednesday evening. The newly-identified deaths came as a result of ongoing cross analysis and double checking of deaths reported to S.C. DHEC. 
"The Agenda: SC receives F for social distancing; Charleston County could have more than 2,500 untested coronavirus cases "
Tucker: Big Tech censors dissent over coronavirus lockdowns https://youtu.be/sPrbGU0Wyh4 via @YouTube
Coronavirus Reality Check 
Tired of takeout? SC restaurant group requests May 4 for outdoor dine-in services https://www.thestate.com/news/politics-government/article242372486.html #sctweets #coronavirus #readlocal
"‚ÄúEventually, doctors will find a coronavirus vaccine, but black people will continue to wait, despite the futility of hope, for a cure for racism. We will live with the knowledge that a hashtag is not a vaccine for white supremacy.‚Äù -@rgay"
"Coronavirus update: Global death toll tops 365,000 as Brazil, Mexico and Peru record spikes in new cases "
I am sure glad someone said it. Democrats gave us antifa. Kind of like China gave us the coronavirus. We have been given an abundance of gifts that we want to return except they keep getting regifted.
"Unfortunately, #SouthCarolina has seen a steady rise of #COVID19 cases in the last 3 weeks. Up from 150 to 220 new cases per day. Officials will need to be extremely cautious going forward! #coronavirususa #coronavirus #COVID19US #Covid_19 #CoronaVirusU‚Ä¶ https://instagr.am/p/CA1Av55hTXS/"
@henrymcmaster Governor did you watch the ABC national news tonight? I'm sure you did not. South Carolina is one of the states with the coronavirus On The Rise and you want to open up everything. You are a fool you are going to cause sickness and death it will be on your clock!!
"Stay safe S.C.! We are peaking with coronavirus now too. Wear masks, wash hands and carry hand sanitizer!"
"Two examples of unnecessary yard signs during coronavirus: 1) ""my music ministry misses me"" 2) preschool graduate WITH COLORED PICTURE in cap and gown"
So y‚Äôall notice how the corona virus just disappears?
Forever and always farm laborers are my heroes...Coronavirus US: Every Worker at One Farm Has Covid on Harvest Eve - Bloomberg https://www.bloomberg.com/news/articles/2020-05-29/every-single-worker-has-covid-at-one-u-s-farm-on-eve-of-harvest
"Bill De Blasio Fine With George Floyd Protests Even As Businesses, Other Gatherings Must Adhere To Coronavirus Rules Or Face Fines "
"Before the coronavirus health crisis hit, the intricacies of a hotel‚Äôs cleaning procedures weren‚Äôt exactly prime promotional material. But now, the main question on guests‚Äô minds is whether they will be and feel safe during their stays. "
So we just gonna forget about the Corona virus ?
DHEC has reported 266 new cases and 4 additional deaths from coronavirus 
"COLUMBIA, S.C. ‚Äî The South Carolina Department of Health and Environmental Control (DHEC) today announced 266 new cases of the novel coronavirus COVID-19 and 4 additional deaths. "
Are Coronavirus Fears Spurring a New Construction Frenzy? https://bit.ly/2zYKMXV
"SC #coronavirus data - May 30 Cases New: 266 Total: 11,394 Deaths New: 4 Total: 487 Tests New: 5,688 Total: 199,735 "
"From P&C: SC logs 266 new coronavirus cases, 4 deaths at end of record-breaking week https://ift.tt/2TUAkHV #chsnews"
"Protest is going through the City Market, which is still closed because of coronavirus. "
The story at the top of every American‚Äôs mind right now of course is the coronavirus. 
A few more shots from today‚Äôs drive-thru #covid19 #coronavirus testing facility. 
Motorists wait in line around http://TicketReturn.com Field @Pelicanbaseball Ballpark Saturday morning as Tidelands Health and @scdhec conduct a drive-thru #covid19 #coronavirus testing facility. Hundreds lined up for the first day of the clinic. 
"That‚Äôs because the WHO refuses to hold China accountable for falsifying data about the coronavirus, and refuses to include Taiwan because of China‚Äôs illegitimate claim to their country. But go on sis, push that narrative. "
epicdad843 is Streaming LIVE #letsplay #twitch #mixer #youtube #facebook #minecraft #modded #gamer #coronavirus #corona
"Non-poc not advocating for our neighbors is like not wearing a mask just because you don‚Äôt have Coronavirus. You may not, but there are people around you who need your help in advocating for their wellbeing. Check your privilege."
"Yesterday was the highest #of new coronavirus cases announced in SC. 266 cases today, the 4th highest amount of new coronavirus cases since the outbreak began in March. Highest daily announced cases are now 366, 276, 274, 266, 253 https://www.thestate.com/news/coronavirus/article243117126.html #scnews #sctweets"
Don‚Äôt drink any Coronas or you‚Äôll get that coronavirus
Corona virus is scary.
Saw a bunch of people wearing surgical masks in Walmart today. Either Walmart has opened a hospital or people are worried about the #CoronaVirus. 
World Health Organization declares coronavirus a 'public health emergency of international concern': https://www.wyff4.com/article/world-health-organization-declares-coronavirus-public-health-emergency-of-international-concern/30718537 #WYFFnews4
Coronavirus declared global health emergency by WHO after 1st person-to-person US case reported 
"The coronavirus is serious you guys! It‚Äôs literally 7,000 people trapped on a cruise ship because two people got infected "
2 things that are trash that are made in China. @tiktok_us and the coronavirus
"There are a lot of reasons to be worried about coronavirus. I'm not saying to panic, but to write if off as not as bad as the flu or less of a concern than the flu is irresponsible."
"It's a legit stat though. Flu mortality is 0.1%. Yes, the flu kills a lot of old people and immunocompromised people. But the coronavirus has a lot of similarities to SARS. It has an incubation period of two weeks (where you can still infect others) vs. two days for the flu."
@lisamurkowski @SenSusanCollins @SenAlexander @SenCoryGardner @SenMcSallyAZ @SenatorTimScott @marcorubio @LindseyGrahamSC @RepDougCollins @RepStefanik @RepRatcliffe @RepMikeJohnson @replouiegohmert not a hoax! #CDC #COVID19 #CoronavirusOutbreak
@lisamurkowski @SenSusanCollins @SenAlexander @SenCoryGardner @SenMcSallyAZ @SenatorTimScott @marcorubio @LindseyGrahamSC @RepDougCollins @RepStefanik @RepRatcliffe @RepMikeJohnson @replouiegohmert why would the Fed need to be involved? #CDC #COVID19 
@lisamurkowski @SenSusanCollins @SenAlexander @SenCoryGardner @SenMcSallyAZ @SenatorTimScott @marcorubio @LindseyGrahamSC @RepDougCollins @RepStefanik @RepRatcliffe @RepMikeJohnson @replouiegohmert I thought you might want to view this. #CDC #COVID19 
We are living in a #scifinovel. #COVID19 
I'm sad so many people are losing money in stocks and so very upset about the covid19 BUT 1 good thing is we get to blame Trump and DUMP him.
I have a feeling the people who publicly claim Covid19 is the common cold are the same ones buying wholesale quantities of face masks.
PSA: @POTUS and @VP may be muzzling @CDCgov @CDCemergency but they have no control over @WHO Please follow them to get the best #COVID19 information
Hi Carl. So sorry to hear what your family is going through. Did she have a CT scan of her lungs? Have you contacted the CDC? A CT can differentiate the difference between pneumonia and COVID19 but radiologist needs to know what to look for!
He only cares about himself and not the real Americans. #CDC #Coronavirustruth #CoronaOutbreak #COVID19 #NotMyPresident
Did Trump try to blame the stock market crash on the Democratic primaries? What a load of malarkey. Absolutely disgraceful. #StockMarketCrash2020 #TrumpVirus #stocksgoboom #coronavirus #COVID19 #TrumpLies
"Maybe Mick can go to a hospital with no mask and no gloves to meet some patients, and hey, take a sip of their water, just to show us! #TrumpVirus #COVID19"
people all around me are in a desperate panic because of the covid19(corona virus). yet not a single one of these people know anyone diagnosed nor do they know anyone that knows anyone diagnosed. yet they still feel it to be a rational fear. #FridayThoughts
"The anxiety of wondering what's going to happen when #CoVid19 hits the US- where nobody can afford to go to the doctor or miss a day at work, your value is determined by the strength of your handshake, and everyone's too vain to wear a face mask-- is really starting to get to me."
"Wells Fargo Investment Institute discusses the coronavirus, uncertainties about U.S. presidential elections, and market volatility. Here‚Äôs what you need to know: #COVID19 #investors http://voices.cf.socialware.com/zyawexr"
"Why is $DYNT up, I see no covid19 news yet"
COVID19 and COFVEVE There is a connection. #LibANON #CPAC2020 @cspanwj @realDonaldTrump #SenateGOP #VoteBlue
"Just like Russian interference in our elections, COVID19 is the face of poor leadership, #CPAC2020 @cspanwj @realDonaldTrump #SenateGOP #VoteBlue"
How many deaths world-eide from Covid19 in the last 3 months? How many deaths in the US annually from the flu? What is the mortality rate of each from those who contract each?
The market's reaction to #Coronavirus largely surrounds the uncertainty of its impacts on global supply chains &amp; consumption. Here we try to quantify the true economic impacts... #covid19 
China reports 1st death from new type of coronavirus https://ift.tt/384SlrQ¬†
First Death In China From New Coronavirus Pneumonia Outbreak http://dlvr.it/RMsdRt¬†pic.twitter.com/SADxotvzPI
China reports 1st death from new type of coronavirus https://www.wltx.com/article/news/nation-world/new-coronavirus-china-reports-first-death/507-8e5fe0f8-21af-42cc-865c-fd274c436a06¬†‚Ä¶
The CDC and Homeland Security begin screening for Chinese Coronavirus at three major US airports as outbreak spreads in Asia https://www.cnbc.com/2020/01/17/cdc-and-homeland-security-begins-screening-for-coronavirus-at-major-us-airports.html¬†‚Ä¶
Three U.S. Airports to Check Passengers for a Deadly Chinese Coronavirus http://dlvr.it/RNHmGZ¬†pic.twitter.com/gDuCzxd3iw
LAX among 3 U.S. airports to check passengers for a deadly Chinese coronavirus https://news360.com/article/518139216¬†‚Ä¶
"#ChinaVirus #coronavirus is a cover up of the goverment of #China , Please must be more dead people and more cases of people infected! #TellTheTruth #ChinaCoverUPhttps://twitter.com/NorahODonnell/status/1222304112894783488¬†‚Ä¶"
Not anymore! #CoronaOutbreak
How do we know your information is trustworthy? Your information could be CCP propaganda for all we know.
Is it Possible to Make a Vaccine for the Wuhan Coronavirus? | Time https://time.com/5768956/wuhan-coronavirus-vaccine-treatment/¬†‚Ä¶
"What's up, #TriCounty? Sidewalk safety in #FortMill, the deadly #Coronavirus outbreak, school dress codes, the #YoCoTasteTrail and flag football world champions. It's what's in tonight's newscast. WATCH: http://bit.ly/30NqARP¬† #CN2News"
The first case of the China coronavirus has been reported in the US.
"How to properly biotech in 2020:

1. File $250M S3 on 12/31/19
2. Effect it on 1/9/20
3. PR about FDA fast track
4. Hype PR about coronavirus
5. File $100M ATM 1/21/20
6. PROFIT!

$NVAX"
CDC says to avoid all non-essential travel to China amid Wuhan coronavirus outbreak https://www.wltx.com/article/news/nation-world/cdc-says-to-avoid-all-non-essential-travel-to-china-due-to-wuhan-coronavirus/507-1b30747a-275f-4b79-8525-b122c9f9aac9¬†‚Ä¶
"Video: Man takes video in Wuhan, China epicenter of coronavirus quarantine https://americanmilitarynews.com/2020/01/video-man-takes-video-in-wuhan-china-epicenter-of-coronavirus-quarantine/¬†‚Ä¶ via @amermilnews"
Spread POSITIVITY not the CORONAVIRUS
u tryna give me that coronavirus too?
"S.C. Department of Health and Environmental Control says no cases of the coronavirus have been identified within the state.

Here‚Äôs an update on activities related to the virus: @scdhechttps://www.moultrienews.com/news/dhec-issues-statement-on-novel-coronavirus-activities-in-s-c/article_e09b967a-42da-11ea-ae47-1ba2bdb52638.html¬†‚Ä¶"
The Calm Before The Storm - Coronavirus Cases Set To Explode Higher https://youtu.be/Yq3Y9rmlEQE¬† via @YouTube
i prefer my coronavirus with a lime
"Possible CoronaVirus at St Anthony's Hospital in Lakewood, CO.  My old home town. https://twitter.com/BlackIrishI/status/1221263936835604480¬†‚Ä¶"
China needs to figure out this coronavirus... it‚Äôs going to affect a lot of businesses and also is more importantly killing too many people and it‚Äôs seeeming as if the Chinese Gov is lying about death totals... what a shame
"Coronavirus fears plague Chinatown restaurant business nationwide

https://www.foxbusiness.com/economy/coronavirus-fears-chinatown-restaurant-business¬†‚Ä¶"
"This is sad. Say what you want about perceived atrocities in America, we have far more freedoms than the rest of the world. At least he tried to warn everyone. RIP 
""Chinese rage after the death of the doctor who tried to warn the world about coronavirus""  https://twitter.com/i/events/1225741309287075840¬†‚Ä¶"
"Infected doctor, who first warned of coronavirus epidemic, dies https://thehornnews.com/infected-doctor-who-first-warned-of-coronavirus-epidemic-dies/¬†‚Ä¶ via @ReadTheHornNews"
pappy just told me that he thinks he has the corona virus bc he ate chinese food the other day and now he has a cough
"Overheard someone today saying not to pop the air-filled packaging in your parcel bc it comes from China and could contain #coronavirus 
Can‚Äôt be too careful!"
WHO seeks $675M US to respond to coronavirus outbreak https://youtu.be/1SIcgofnVpU¬† via @YouTube
#Coronavirus: Are your business continuity plans up to date? :: https://buff.ly/2SibHDm¬† @NAFCU #CreditUnions
"Actually, this article from 2015 says corona virus began in USA...

https://www.the-scientist.com/news-opinion/lab-made-coronavirus-triggers-debate-34502?fbclid=IwAR2uglhpHglJTDnZwUKn4iTinKkYBqMMxg1S7fyIAHkjSvvTIzqMbe0IS1Y¬†‚Ä¶"
Police Shuts Down #Bitcoin Mine Over #Coronavirus . Wonder how many other industries the virus affecting  https://www.trustnodes.com/2020/02/06/police-shuts-down-bitcoin-mine-over-coronavirus¬†‚Ä¶
This coronavirus stuff getting kinda scary.
#Server sales projected to decline 10% due to #coronavirus https://buff.ly/37q443l¬† via @networkworld
"""Coronavirus: Death toll jumps past 1,500 in mainland China""  https://twitter.com/i/events/1219057585707315201¬†‚Ä¶"
"The level of safety employed in regards to the coronavirus is not proportional to what they are telling us.

No one wears a hazmat suit to deal with the flu"
Get the facts! Is the flu or coronavirus more deadly?     https://twitter.com/JeromeAdamsMD/status/1229930077502214144¬†‚Ä¶
Here‚Äôs what coronavirus does to the body https://on.natgeo.com/2wlwrD7¬† via @NatGeoScience
Experts ponder why cruise ship's coronavirus quarantine failed in Japan https://www.wltx.com/article/news/nation-world/experts-ponder-why-cruise-ships-coronavirus-quarantine-failed-in-japan/507-98ee2d6e-466e-475a-85df-b4ad8020989a¬†‚Ä¶
YOU FRICKEN Idiots stop rounding these Corona virus victims up and bringing them  2 this country .common sense is completely out the window  . Bunch of MORONS ! Completely lock the boarders down  until this Pandemic threat is over !
It's not truly a #pandemic until I see a zombie. #CoronavirusOutbreak #coronavirus
No. The comparison is to an HIV outbreak in Indiana and how the guy that allowed it to happen is supposed to prevent the Coronavirus from spreading.
Health officials confirm a second case of novel coronavirus in a person not known to have previous contact. https://www.wspa.com/news/health-officials-confirm-second-case-of-novel-coronavirus-in-person-not-known-to-have-previous-contact/?utm_medium=social&utm_source=twitter_WSPA7¬†‚Ä¶
"Why is the POTUS being criticized  for his rally in South Carolina amid the Coronavirus, but it‚Äôs OK for the Democrats to continue with their small campaigns?????"
"Italy closing schools, shops due to #coronavirus https://amp.dw.com/en/coronavirus-italy-orders-mass-closures-after-covid-19-cases-quadruple/a-52467865?__twitter_impression=true¬†‚Ä¶"
Will it get the coronavirus on there?
this is much better than the coronavirus news conference
"Reminder: Our coronavirus response is being organized by the same administration that gagged the CDC by banning the following words: vulnerable, entitlement, diversity, transgender, fetus, evidence-based and science-based."
"CALIFORNIA is monitoring at least 8,400 people for the coronavirus https://www.cnbc.com/2020/02/27/california-is-monitoring-8400-people-for-the-coronavirus.html¬†‚Ä¶ #SmartNews"
"Just had the conversation with my 83 yr old mom in CA about coronavirus. To keep active and see music, she works at an arena part time.
I wish she would quit, really."
"HHS whistleblower claims US workers received coronavirus evacuees without proper precautions
https://www.cnn.com/2020/02/27/politics/hhs-whistleblower-coronavirus/index.html¬†‚Ä¶"
"RT @EU_Finance: Green Bonds Alert! üì¢üåç
@EU_Commission is launching a consultation on creating an EU Green Bond Standard. #EUGreenBonds could‚Ä¶"
"RT @QuickTake: A full-body sterilization booth is being trialed at the Hong Kong International Airport.

The ‚ÄúCLeanTech‚Äù booth is coated in‚Ä¶"
"Congrats! I am down 25 lbs since COVID19.  I have done 25 marathons 2 50K's but 100 miles? Dude, you are the man! G‚Ä¶ https://t.co/vZw6hKIdbK"
"RT @awaken_to_maga: ‚≠ê Poll ‚≠ê

‚ö†Ô∏è Please retweet after voting for a larger sample.

ü§îü§îü§î Do you personally know anyone who tested positive fo‚Ä¶"
"RT @sanchezcastejon: Spain is coleader in initiatives such as the ACT-Accelerator to achieve equitable access to vaccines, treatments and d‚Ä¶"
"RT @MiaforSC: Nearly 700 new cases yesterday.üò©

Almost 800 today.üòì 

And the Gov. is still lifting restrictions.

The people of SC are ‚Äúdyi‚Ä¶"
"RT @YourAnonNews: Yesterday, there were 140,927 new cases of #COVID19 and 4,603 additional deaths were reported in the past 24 hours.

This‚Ä¶"
RT @TheRMH: A friendly reminder that our #COVID19 screening clinic is open from 7pm-9pm 7 days a week at 300 Grattan St (entrance is beside‚Ä¶
"RT @MiaforSC: Nearly 700 new cases yesterday.üò©

Almost 800 today.üòì 

And the Gov. is still lifting restrictions.

The people of SC are ‚Äúdyi‚Ä¶"
RT @ShannonJoyRadio: This is an absolutely fascinating interview.  The Lancet ‚Äòstudy‚Äô discounting #hydroxychloroquine and used to direct wo‚Ä¶
RT @SCDEWinfo: Our #DEW claims specialists are available to help! Saturday is our lowest call volume day of the week. They're available fro‚Ä¶
RT @ForTrump: The reason we need a #SecondWave of #COVID19 is because THE FIRST WAVE DID NOT WORK.
My article is featured on the @ResearchGate #COVID19 community page. Read it here:  https://t.co/9OJgp1gSLt
"RT @LawrenceSellin: China has thoroughly infiltrated U.S. medical research, the softest of soft targets, and is working with compliant West‚Ä¶"
RT @CDCgov: #Employers: Antibody tests for #COVID19 should not be used to determine if someone can return to work. There is not enough info‚Ä¶
RT @SCDEWinfo: Our #DEW claims specialists are available to help! Saturday is our lowest call volume day of the week. They're available fro‚Ä¶
"RT @WildPalmsLtd: This man, a physician and state senator, asked whether POC are suffering disproportionately from #COVID19 because the ‚Äúco‚Ä¶"
RT @BelleChaise: My mask protects you and your mask protects me. üò∑#COVID19 #WearAMask #WearAMask2SaveLives #openamerica #SaturdayMorning #S‚Ä¶
"RT @caramba0309: CC: @henrymcmaster 

‚ÄúThe foolhardiness of their actions is now being seen.‚Äù Gov. Murphy heard your little comment about i‚Ä¶"
"RT @PDChina: Confirmed #COVID19 cases have exceeded 7.6 million globally, with over 425,000 fatalities and more than 3.6 million recoveries‚Ä¶"
RT @allieyoung13: The death toll on #NavajoNation has reached 298 due to #COVID19. That‚Äôs 298 Navajo lives including 5 Medicine People gone‚Ä¶
"While SC media is busy trying to scare you into isolation again, I‚Äôll take a moment of your panic to share that whi‚Ä¶ https://t.co/M1ArP9dcqn"
"RT @HuffmanForNC: Trump goes to Dallas to have a round table about policing issues with Police officials.
BUT doesn't invite:
Dallas Chief‚Ä¶"
"RT @CAO916: @bessbell So let‚Äôs see,  about 14ish days ago was Memorial Day? Yeah, about right then. It‚Äôs almost like the science/medical co‚Ä¶"
RT @petejeffries: Great news for those who earned these VA service benefits! #AARPsalutesVets #OperationProtectVeterans https://t.co/kkKCYh‚Ä¶
RT @UofSCPharm: #ICYMI: Gamecock Pharmacist Taylor Meyers ('15) was guest speaker on this week's @pharmacists webinar to discuss telehealth‚Ä¶
"Just to be clear for @DNC and @GOP supporters, the coronavirus is 20x as deadly as the flu.  A rally is a wet dream for the coronavirus."
"Here is some great info from @scdhec about #coronavirus, including symptoms, how the virus is spread, and prevention. Make sure to wash those hands often! #washyourhandspic.twitter.com/mBdWXcxFXO"
Amazon deleted 1 million items for price gouging or false advertising about coronavirus https://www.wyff4.com/article/amazon-deleted-1-million-items-for-price-gouging-or-false-advertising-about-coronavirus/31194539¬†‚Ä¶
"Zero integrity. 

And BTW, wasn‚Äôt the Coronavirus supposed to be a hoax?"
#Coronavirus: #Tech industry impact just beginning https://buff.ly/2VzMveY¬† via @CIOdivepic.twitter.com/7feEna3kD0
"Coronavirus in Mexico, flights of China arriving to Mexico and also to T... https://youtu.be/keRmxkOCFuE¬† via @YouTube"
"As a South Carolinian, I get it. 

We can win without Georgia if Wisconsin, Pennsylvania, Michigan and even Texas(!) are in play. The polls show Bernie does better than Biden in all those states. I think Trump is more beatable than many assume, especially in light of coronavirus"
"If #coronavirus is a #HoaxVirus that's been politicized, weaponized, can someone help explain #WallStreet and investors' reax?"
Costco temporarily suspends free samples amid coronavirus fears  >> https://www.wmbfnews.com/2020/03/06/costco-temporarily-suspends-free-samples-amid-coronavirus-fears/¬†‚Ä¶pic.twitter.com/wXxRSscUqC
"It‚Äôs sad that the media and Democrats inwardly hope for the continued saga of the Corona virus. They may not wish for more deaths but love opportunities to criticize the President. They have no class, character or integrity."
Girl you got that coronavirus LOCK YOSELF UP
"Ok we‚Äôre all gonna take a moment, Twitter. 

We‚Äôre gonna stop calling each other names for not voting for our candidate. 

We‚Äôre gonna stop acting like the coronavirus is gonna kill anyone under the age of 50 (it will not).

This is important."
Aye what if people who got the ‚Äúcoronavirus‚Äù start going door to door just rubbing they hands all on the doorknobs & shit 
"Interim Guidance for Administrators of US Childcare Programs and K-12 Schools to Plan, Prepare, and Respond to Coronavirus Disease 2019 (COVID-19) http://bit.ly/39ssCdG¬† #chsnews"
"Got me nervous about flying to Philly. 

I wonder if I can get the Coronavirus discount?"
"From SCHSL:  ""First and foremost, there has not been any case of Coronavirus/COVID-19 reported in South Carolina.""
""Some of the event safeguards that will be put in place includes; ... Hand sanitizers located throughout the venue
(cont)."
Coastal Health District addresses Coronavirus concerns ahead of St. Patrick‚Äôs Day festival https://www.wsav.com/news/coronavirus/coastal-health-district-addresses-coronavirus-concerns-ahead-of-st-patricks-day-festival/?utm_medium=social&utm_source=twitter_WSAV¬†‚Ä¶
"‚ÄúSoap is medicine,"" said Dr. Lee Biggs, the chief medical officer for Trident Health. 

What SC residents should have in their home in case of coronavirus worst case sc... @postandcourier #chsnewshttps://www.postandcourier.com/health/covid19/what-sc-residents-should-have-in-their-home-in-case/article_99c75c38-5d61-11ea-9a93-fb1d02073a70.html¬†‚Ä¶"
"Stupid #coronavirus. 
#JuventusMilan 
Also,  #GazidisOut!
#saveboban #savemaldinihttps://twitter.com/brfootball/status/1234965328435630080¬†‚Ä¶"
Coronavirus was found in NC... time for me to go ahead and start my spring break early 
This Coronavirus thing is going viral.
"I‚Äôm hoping #Coronavirus doesn‚Äôt force school closure for us, but I‚Äôm glad for the option to teach remotely."
"Because up until now, money and/or power shielded him from those consequences. Coronavirus don‚Äôt care about money and power. https://twitter.com/chrislhayes/status/1235710450664435712¬†‚Ä¶"
"A Note from Bishop Yoos about Coronavirus. Also, a number of resources for use in your congregation.

https://scsynod.com/news/coronavirus-information/¬†‚Ä¶pic.twitter.com/zw4RuWoHkR"
New York Times: Press sites to STOP BLOCKING Coronavirus News from the public - Sign the Petition! http://chng.it/ZCgL8dHx¬† via @Change
U.S. schools plan for possible spread of novel coronavirus https://www.pbs.org/newshour/education/u-s-schools-start-planning-for-possible-spread-of-coronavirus¬†‚Ä¶
Inside the coronavirus 'ticking time bomb': https://mol.im/a/8088481¬† via @MailOnline
"1/ As of this afternoon, SC has six presumptive positive cases of coronavirus: 4 in Camden, 1 in Charleston County, & 1 in Spartanburg. 

‚ÄúPresumptive positive‚Äù means samples from these individuals tested positive for coronavirus at DHEC‚Äôs Public Health Laboratory ..."
Donald Trump crashes and burns in disastrous coronavirus press conference https://www.palmerreport.com/analysis/press-conference-crash-coronavirus-donald-trump/26061¬†‚Ä¶ via @PalmerReport
"MLB, NBA, NHL, MLS to close locker rooms to the media over coronavirus concerns https://www.usatoday.com/story/sports/2020/03/09/mlb-nba-close-locker-rooms-media-amid-coronavirus-concerns/5005660002/?utm_source=native&utm_medium=capi_retrofit&utm_content=inapp&build=native-web_i_p¬†‚Ä¶ via @USATODAY"
"ONLY ON ""Quintin's Close-Ups""- Charleston Southern University president Dr. Dondi Costin, Ph.D talks to me about the steps the university has taken to protect students, faculty and staff from the coronavirus outbreak.

WATCH HERE: https://youtu.be/6Jl2v0FQD44¬† #chsnews #sctweets"
"Big news @thestate‚Äôs @wilkinson_Jeff broke this evening answering a question a lot of people in Columbia were having as #coronavirus news evolves. #readlocal Columbia, Five Points postpone St. Patrick‚Äôs Day festivalhttps://www.thestate.com/news/local/article241105821.html¬†‚Ä¶"
Hunter Biden Is Skipping Court Appearance Citing Pregnant Wife And Coronavirus https://clashdaily.com/2020/03/hunter-biden-is-skipping-court-appearance-citing-pregnant-wife-and-coronavirus/¬†‚Ä¶ via @Doug_Giles
People out here acting like the Coronavirus is the Black Plague... relax  
"Hear me out...

What if Trump got Coronavirus?

#CancelEverything"
This corona virus works out perfectly for me. I hate large crowds. #coronavirus #pandemic #nomoreanxiety
"Always a great sign when the pilot warns you ahead of time that it‚Äôs going to be a bumpy flight. I prefer my coronavirus shaken, not stirred"
"Fighting the coronavirus country style. 
I haven't eaten any of these in decades so I have no idea what possessed me to get them. But I think the virus and most humans won't come near me‚Ä¶ https://www.instagram.com/p/B9sXDkJJ_xFo9RCwMI5hb15XKxRbEoRGavcvtk0/?igshid=9okz7us4yjaq¬†‚Ä¶"
Everyone who hasn‚Äôt been shutdown or disrupted by #COVID yet. #coronavirus #coronapocalypsepic.twitter.com/j9UaXggV0X
@realDonaldTrump Please don‚Äôt let nasty Nancy profit from coronavirus legislation.
"Rep. Katie Porter is a BOSS!!! Regardless of your insurance situation, testing for the coronavirus is covered! Please get tested if you suspect you may have it. Wash your hands too! https://twitter.com/briantylercohen/status/1238155454108151808¬†‚Ä¶"
I now have a lot of useless apps on my @Apple iPhone home page for the next 30 days due to no sports.  #coronavirus
I can‚Äôt believe the joke of coronavirus ending Liverpool‚Äôs EPL title chance is a very real thing now
If you eat ass you‚Äôre safe from the coronavirus. 
Coronavirus isn‚Äôt getting into our bar without naming the secret code
that video of that man touching every microphone & then having coronavirus like
Upstate Chick-Fil-A restaurant going drive-thru only for the foreseeable future amid #coronavirus outbreak https://twitter.com/ClemsonCFA/status/1239335370053111818¬†‚Ä¶
"In science fiction movies, humanity always comes together to save planet earth as the meteor closes in. In real life, Trump tries to corner the coronavirus vaccine ‚Äòexclusively‚Äô for the U.S. Incredible. Shameful. #DumpTrump2020 #coronavirus https://www.theguardian.com/us-news/2020/mar/15/trump-offers-large-sums-for-exclusive-access-to-coronavirus-vaccine¬†‚Ä¶"
"Why outbreaks like coronavirus spread exponentially, and how to ‚Äúflatten the curve‚Äù - Washington Post https://www.washingtonpost.com/graphics/2020/world/corona-simulator/¬†‚Ä¶"
"According to the Associated Press, a government official says a Coronavirus vaccine trial starts Monday. https://www.counton2.com/news/government-official-coronavirus-vaccine-trial-starts-monday/?utm_medium=social&utm_source=twitter_WCBD¬†‚Ä¶"
"Just clicked on a news report on YouTube about the corona virus, and how dire the situation is with regard to transmission and how problematic travel is. The ad right before it? From the tourist board of an Asian country. Might wanna check your algorithms, guys."
Those of us who eat raw ramen noodles are immune to coronavirus
"Hillary can you get corona-virus,,,please."
"With this coronavirus calendar, even Donald Trump can't gaslight the problem away https://www.dailykos.com/story/2020/3/19/1929018/-With-this-coronavirus-calendar-even-Donald-Trump-can-t-gaslight-the-problem-away¬†‚Ä¶"
"I‚Äôve been following @erinhmoon Lenten guide. I‚Äôm a couple days behind, and reading Tuesday‚Äôs guide ... a little on nose, don‚Äôt you think?  #CoronaVirus #COVID19 #EveryBrokenThing #Lent2020pic.twitter.com/P7gTwgGbZ6"
Hey @SenatorTimScott one of your constituents here.  Just wondering if you could tell me why you voted against the coronavirus stimulus package?
"Found this on a walk this evening, and the kids are right. Everything will be OK. Wash your hands. Practice social distancing. #coronavirus #chs #charleston #chstoday #chsreads #librariesstrongpic.twitter.com/gTKXvEdWSr"
"This is your earliest tweet on the China situation with the #CoronaVirus. How long after this did you stockpile food, medicine and necessities?"
"According to WebMD, I have the Chinese Coronavirus. Or seasonal allergies. Possibly cancer. Either way, whoever finds my corpse can have my Chuck Norris autographed nunchucks."
my neighbors across the street are raging so fuck the Coronavirus I guess eh?
"Despite the chaos let‚Äôs enjoy the beginning of the #Spring Season!
.
.
.
#spring #HelloSpring #SocialMedia #Qurantine #Life #Business #b2b #marketing #DigitalMarketing #ASTAbusiness #coronavirus #Positivity‚Ä¶ https://www.instagram.com/p/B9-XdmagKL1/?igshid=1y0ppjqxjhea4¬†‚Ä¶"
Berkeley County Coronavirus Update https://www.holycitysinner.com/2020/03/20/berkeley-county-coronavirus-update-march-16-2020/¬†‚Ä¶
She said ‚Äú what is that coronavirus ‚Äú  https://twitter.com/erzahim/status/1240892040617111553¬†‚Ä¶
"By election time the narrative will be The Trump Virus.  Mark my word. ""We are gravely concerned that, due to multiple missteps, people across the country have been unable to get tested,"" warns House Oversight Com. in regard U.S. coronavirus testing still ""remains far behind"""
"If you‚Äôve been diagnosed with the #Coronavirus (aka #COVID19), here‚Äôs when you can leave #quarantine according to the @cdcgov https://www.instagram.com/p/B9-YSbuB86W/?igshid=w32tb5ep56q9¬†‚Ä¶"
Here are some drugs that may be repurposed to treat coronavirus https://www.nbcnews.com/health/health-news/here-are-some-existing-drugs-may-be-repurposed-treat-coronavirus-n1162021¬†‚Ä¶ via @nbcnews
"Corona virus is a big opportunity for big gaming companies to give back to the community, should we expect that? No but something like a free month of ps plus of free to play weeks would be awesome for the new video game players that corona has created"
Schumer says US ‚Äòalmost certainly‚Äô will see recession over coronavirus havoc https://flip.it/UN0Bf-¬†
"Mass-transit trams and shuttle buses have been suspended there, an on-site cafeteria has been shuttered and tools are being disinfected, among other virus-combating measures.

Via @aikenstandard #scnews #nuclear #coronavirus https://www.aikenstandard.com/coronavirus/two-negatives-six-waiting-a-novel-coronavirus-update-from-plant/article_5f337b70-694f-11ea-ab25-bbb56ff059b2.html¬†‚Ä¶"
Rep. Diaz-Balart of Florida is the 1st congressman with known a positive test for the new coronavirus. https://www.wspa.com/news/rep-diaz-balart-of-fl-becomes-1st-congressman-with-known-positive-test-for-new-coronavirus/?utm_medium=social&utm_source=twitter_WSPA7¬†‚Ä¶
"""We're taking it day by day."" Local businesses deciding to stay open or close doors during coronavirus >>> https://www.wsav.com/news/coronavirus/local-businesses-deciding-to-stay-open-or-close-doors-during-coronavirus/?utm_medium=social&utm_source=twitter_WSAV¬†‚Ä¶ via @WSAVJoAnnM"
"Donald Trump's dog-whistle tweets calling the coronavirus the ""Chinese Virus"" has this woman scared for her family. https://www.huffpost.com/entry/trump-chinese-virus-coronavirus_n_5e722040c5b63c3b648828aa?ncid=engmodushpmg00000004¬†‚Ä¶ via @HuffPost"
Thinking of you and hope it‚Äôs just flu and not Coronavirus! Feel better soon!
Catching nuts from random guys but afraid catching Coronavirus... fml  jk
Myrtle Beach coronavirus slowdown begins as tourism giant faces public health me... @postandcourierhttps://www.postandcourier.com/health/covid19/myrtle-beach-coronavirus-slowdown-begins-as-tourism-giant-faces-public/article_3a29da2a-678f-11ea-be4d-7fec2f870fe5.html¬†‚Ä¶
"But has no tests...
‚ÄúPrisma Health opens coronavirus drive-through testing locations in Columbia, Greenville‚Äù
https://www.thestate.com/news/coronavirus/article241231466.html¬†‚Ä¶"
"The best way for me to avoid the Corona Virus is to avoid the national news dementors as they almost gleefully spread gloom and despair. I live life one day at a time, being the best I can and trying to control only the things I can."
"To help prevent the spread of coronavirus, the Florence County Library System will be closed to the public effective Tuesday, March 17th, until Tuesday, March 31st or further notice."
"On Fox News, suddenly a very different tune about the coronavirus https://www.washingtonpost.com/lifestyle/media/on-fox-news-suddenly-a-very-different-tune-about-the-coronavirus/2020/03/16/7a7637cc-678f-11ea-9923-57073adce27c_story.html¬†‚Ä¶"
"Coronavirus Quarantine Blog/Thread -

Day 1:

- Stocks tanked today, again. Worst day since ‚Äò87

- Got outside for a run, we‚Äôll see how long we are able to do that

- Wondering how I‚Äôll get a haircut. 

- Catching up on Homeland tonight

- Wife & I haven‚Äôt killed each other yet"
.@FreeTimesSC often puts events that are happening on our covers. Here‚Äôs an early look at this week‚Äôs cover story ‚Äî about #covid19/#coronavirus making events not happen. Via @FreeTimesSChttp://bit.ly/33n7xiJ¬†
"Despite the chaos let‚Äôs enjoy the beginning of the #Spring Season!
.
.
.
#spring #HelloSpring #SocialMedia #Qurantine #Life #Business #b2b #marketing #DigitalMarketing #ASTAbusiness #coronavirus #Positivity‚Ä¶ https://www.instagram.com/p/B9-XdmagKL1/?igshid=1y0ppjqxjhea4¬†‚Ä¶"
Berkeley County Coronavirus Update https://www.holycitysinner.com/2020/03/20/berkeley-county-coronavirus-update-march-16-2020/¬†‚Ä¶
She said ‚Äú what is that coronavirus ‚Äú  https://twitter.com/erzahim/status/1240892040617111553¬†‚Ä¶
"By election time the narrative will be The Trump Virus.  Mark my word. ""We are gravely concerned that, due to multiple missteps, people across the country have been unable to get tested,"" warns House Oversight Com. in regard U.S. coronavirus testing still ""remains far behind"""
"If you‚Äôve been diagnosed with the #Coronavirus (aka #COVID19), here‚Äôs when you can leave #quarantine according to the @cdcgov https://www.instagram.com/p/B9-YSbuB86W/?igshid=w32tb5ep56q9¬†‚Ä¶"
Those of us who eat raw ramen noodles are immune to coronavirus
"Hillary can you get corona-virus,,,please."
"With this coronavirus calendar, even Donald Trump can't gaslight the problem away https://www.dailykos.com/story/2020/3/19/1929018/-With-this-coronavirus-calendar-even-Donald-Trump-can-t-gaslight-the-problem-away¬†‚Ä¶"
"I‚Äôve been following @erinhmoon Lenten guide. I‚Äôm a couple days behind, and reading Tuesday‚Äôs guide ... a little on nose, don‚Äôt you think?  #CoronaVirus #COVID19 #EveryBrokenThing #Lent2020pic.twitter.com/P7gTwgGbZ6"
Hey @SenatorTimScott one of your constituents here.  Just wondering if you could tell me why you voted against the coronavirus stimulus package?
Here are some drugs that may be repurposed to treat coronavirus https://www.nbcnews.com/health/health-news/here-are-some-existing-drugs-may-be-repurposed-treat-coronavirus-n1162021¬†‚Ä¶ via @nbcnews
"Corona virus is a big opportunity for big gaming companies to give back to the community, should we expect that? No but something like a free month of ps plus of free to play weeks would be awesome for the new video game players that corona has created"
Schumer says US ‚Äòalmost certainly‚Äô will see recession over coronavirus havoc https://flip.it/UN0Bf-¬†
"Mass-transit trams and shuttle buses have been suspended there, an on-site cafeteria has been shuttered and tools are being disinfected, among other virus-combating measures.

Via @aikenstandard #scnews #nuclear #coronavirus https://www.aikenstandard.com/coronavirus/two-negatives-six-waiting-a-novel-coronavirus-update-from-plant/article_5f337b70-694f-11ea-ab25-bbb56ff059b2.html¬†‚Ä¶"
Rep. Diaz-Balart of Florida is the 1st congressman with known a positive test for the new coronavirus. https://www.wspa.com/news/rep-diaz-balart-of-fl-becomes-1st-congressman-with-known-positive-test-for-new-coronavirus/?utm_medium=social&utm_source=twitter_WSPA7¬†‚Ä¶
"""We're taking it day by day."" Local businesses deciding to stay open or close doors during coronavirus >>> https://www.wsav.com/news/coronavirus/local-businesses-deciding-to-stay-open-or-close-doors-during-coronavirus/?utm_medium=social&utm_source=twitter_WSAV¬†‚Ä¶ via @WSAVJoAnnM"
"Donald Trump's dog-whistle tweets calling the coronavirus the ""Chinese Virus"" has this woman scared for her family. https://www.huffpost.com/entry/trump-chinese-virus-coronavirus_n_5e722040c5b63c3b648828aa?ncid=engmodushpmg00000004¬†‚Ä¶ via @HuffPost"
"But has no tests...
‚ÄúPrisma Health opens coronavirus drive-through testing locations in Columbia, Greenville‚Äù
https://www.thestate.com/news/coronavirus/article241231466.html¬†‚Ä¶"
"The best way for me to avoid the Corona Virus is to avoid the national news dementors as they almost gleefully spread gloom and despair. I live life one day at a time, being the best I can and trying to control only the things I can."
"To help prevent the spread of coronavirus, the Florence County Library System will be closed to the public effective Tuesday, March 17th, until Tuesday, March 31st or further notice."
"On Fox News, suddenly a very different tune about the coronavirus https://www.washingtonpost.com/lifestyle/media/on-fox-news-suddenly-a-very-different-tune-about-the-coronavirus/2020/03/16/7a7637cc-678f-11ea-9923-57073adce27c_story.html¬†‚Ä¶"
"Coronavirus Quarantine Blog/Thread -

Day 1:

- Stocks tanked today, again. Worst day since ‚Äò87

- Got outside for a run, we‚Äôll see how long we are able to do that

- Wondering how I‚Äôll get a haircut. 

- Catching up on Homeland tonight

- Wife & I haven‚Äôt killed each other yet"
.@FreeTimesSC often puts events that are happening on our covers. Here‚Äôs an early look at this week‚Äôs cover story ‚Äî about #covid19/#coronavirus making events not happen. Via @FreeTimesSChttp://bit.ly/33n7xiJ¬†
"More than 3,800 Passengers Get Off Cruise Ship Without Being Tested For Coronavirus, Despite Traveler Testing Positive Days Earlier https://flagandcross.com/more-than-3800-passengers-get-off-cruise-ship-without-being-tested-for-coronavirus-despite-traveler-testing-positive-days-earlier/¬†‚Ä¶"
"Found this on a walk this evening, and the kids are right. Everything will be OK. Wash your hands. Practice social distancing. #coronavirus #chs #charleston #chstoday #chsreads #librariesstrongpic.twitter.com/gTKXvEdWSr"
"This is your earliest tweet on the China situation with the #CoronaVirus. How long after this did you stockpile food, medicine and necessities?"
"According to WebMD, I have the Chinese Coronavirus. Or seasonal allergies. Possibly cancer. Either way, whoever finds my corpse can have my Chuck Norris autographed nunchucks."
my neighbors across the street are raging so fuck the Coronavirus I guess eh?
Upstate Chick-Fil-A restaurant going drive-thru only for the foreseeable future amid #coronavirus outbreak https://twitter.com/ClemsonCFA/status/1239335370053111818¬†‚Ä¶
"In science fiction movies, humanity always comes together to save planet earth as the meteor closes in. In real life, Trump tries to corner the coronavirus vaccine ‚Äòexclusively‚Äô for the U.S. Incredible. Shameful. #DumpTrump2020 #coronavirus https://www.theguardian.com/us-news/2020/mar/15/trump-offers-large-sums-for-exclusive-access-to-coronavirus-vaccine¬†‚Ä¶"
"Why outbreaks like coronavirus spread exponentially, and how to ‚Äúflatten the curve‚Äù - Washington Post https://www.washingtonpost.com/graphics/2020/world/corona-simulator/¬†‚Ä¶"
"According to the Associated Press, a government official says a Coronavirus vaccine trial starts Monday. https://www.counton2.com/news/government-official-coronavirus-vaccine-trial-starts-monday/?utm_medium=social&utm_source=twitter_WCBD¬†‚Ä¶"
Thinking of you and hope it‚Äôs just flu and not Coronavirus! Feel better soon!
Catching nuts from random guys but afraid catching Coronavirus... fml  jk
Myrtle Beach coronavirus slowdown begins as tourism giant faces public health me... @postandcourierhttps://www.postandcourier.com/health/covid19/myrtle-beach-coronavirus-slowdown-begins-as-tourism-giant-faces-public/article_3a29da2a-678f-11ea-be4d-7fec2f870fe5.html¬†‚Ä¶
