,Tweets,Date
0,"Not sure who's running this account but pretty sure you deserve cookies for this alliteration, hit me up when coronavirus is over ",2020-04-29 23:56:23+00:00
1,the only good thing about this whole coronavirus pandemic is that everything online is on sale. &amp; shopping online is probably the only thing i‚Äôm good at ,2020-04-29 23:49:13+00:00
2,The Angel of the Winds Casino Resort near Arlington will be going 100% smoke-free when it reopens after the coronavirus shutdown. ,2020-04-29 23:42:00+00:00
3,"Sad news for physical media fans everywhere: ‚ÄúNo one knows what the landscape for #music lovers will look like in the post-#COVID19 era, but one longtime #Seattle landmark is ‚Ä¶ going away.‚Äù #vinyl #vinylcollection #news #pandemic #coronavirus ",2020-04-29 23:40:55+00:00
4,"I wonder if those anti-lockdown protesters are coming down with #coronavirus. Not gloating, just curious. It's been over a week.",2020-04-29 23:38:15+00:00
5,Trump threatens no coronavirus aid in states with sanctuary cities - Business Insider ,2020-04-29 23:31:38+00:00
6,Link to the full slideshow of coronavirus metrics the governor used today. For anyone who hasn't gotten enough charts and graphs: https://www.governor.wa.gov/sites/default/files/4_29_DataVisualizations.pdf,2020-04-29 23:31:13+00:00
7,Hmmm... maybe we should put those back. The world isn't ready for #Covid19 and mummy/plague curse right now. #JustSaying #KOMONews #Covid20 #Coronavirus ,2020-04-29 23:29:17+00:00
8,"BEFORE This...Trump-Fowled Up Pandemic...Most Working Americans .COMPLAINED.That They NEVER Had ""Enough Time"" Their Lives Were Too Hurried.TOO Busy Now,,All We seem to HAVE IS (Time) Seemingly .LimitLess Time So People ENJOY Cherish These ''Times of the CoronaVirus""But B Safe",2020-04-29 23:17:18+00:00
9,President Trump meets with CEOs of major businesses on jump-starting America's economy weakened by coronavirus -- Fox News,2020-04-29 23:08:13+00:00
10,poll/ 47% of adults in the U.S. said they were ‚Äúvery‚Äù or ‚Äúsomewhat‚Äù likely to follow recommendations from Trump when it comes to the coronavirus ,2020-04-29 23:04:47+00:00
11,5/ Trump ordered U.S. intelligence agencies to find out whether China and the World Health Organization initially hid what they knew about the coronavirus pandemic as it emerged. ,2020-04-29 23:04:34+00:00
12,Sen. Lindsey Graham (R-SC) vowed that unemployment benefits won‚Äôt be extended by the Republican Senate majority no matter the status of the coronavirus pandemic. ,2020-04-29 23:07:18+00:00
13,"Half of the Americans confused at coronavirus watch @CNN and your mainstream Democrat media. Everyone else is good. We like the fantastic job @realDonaldTrump is doing, and we adults are confident with the good information from the President.",2020-04-29 23:02:40+00:00
14,Researchers released some good news about a possible treatment for coronavirus Wednesday -- evidence that the experimental drug remdesivir might help patients recover more quickly from the infection. ,2020-04-29 23:00:05+00:00
15,Finally Remdesivir can cure that Corona virus. FDA should approve and produce worldwide. We‚Äôre tired tbh ,2020-04-29 22:28:33+00:00
16,"Watching @GovInslee's press conference. I love that he's showing us allllll the graphs, charts and data points regarding coronavirus. Staying home is working!",2020-04-29 22:22:55+00:00
17,Remdesivir: Drug has ‚Äòclear cut‚Äô power to fight coronavirus #3NewsGH Click https://3news.com/remdesivir-drug-has-clear-cut-power-to-fight-coronavirus/,2020-04-29 22:22:35+00:00
18,"The problem with the Trump #coronavirus response is that coverup is his default response, so he feels like if we can just not test anyone then everything will be alrigur.",2020-04-29 22:16:37+00:00
19,Trump suggests coronavirus funding for states could be tied to sanctuary city policies https://www.reddit.com/r/SeattleWA/comments/gaj11e/trump_suggests_coronavirus_funding_for_states/?utm_source=dlvr.it&amp;utm_medium=twitter #seattle,2020-04-29 22:15:33+00:00
20,pretty good bit to throw in that little ‚Äúoh and yeah don‚Äôt wanna spread the coronavirus!!!‚Äù there at the end of that press release,2020-05-30 23:51:37+00:00
21,"...During a state-wide stay-at-home order for death from coronavirus. Oh, 5 pm curfew. ""Peaceful protesters"" are now looting Nordstrom and torching vehicles. But 5 PM curfew works I guess. ",2020-05-30 23:50:25+00:00
22,"We don't know for coronavirus. If there is any fading due to hot weather, it means more resurgence in fall, so not necessarily good news.",2020-05-30 23:33:00+00:00
23,Trump must be happy that the news cycle is all on the protests and not on the coronavirus deaths and the thousands out of work.,2020-05-30 23:25:32+00:00
24,N.Y. lawmakers call for cannabis reform to boost post-pandemic economy (via @420intel): https://420intel.com/articles/2020/05/27/ny-lawmakers-call-cannabis-reform-boost-post-pandemic-economy #cannabisindustry #cannabis #coronavirus,2020-05-30 23:16:19+00:00
25,Coronavirus: Backlash after Trump signals US exit from WHO | More here: https://bit.ly/trumpcovidwho #CitiNewsroom,2020-05-30 22:31:37+00:00
26,Coronavirus: Backlash after Trump signals US exit from WHO | More: https://bit.ly/trumpcovidwho #CitiNewsroom,2020-05-30 22:31:21+00:00
27,About 75% of Trump‚Äôs proposed coronavirus capital gains tax cut would go to the top 1% of earners https://www.salon.com/2020/05/30/about-75-of-trumps-proposed-coronavirus-capital-gains-tax-cut-would-go-to-the-top-1-of-earners/ #SmartNews,2020-05-30 23:23:37+00:00
28,Guest At Packed Memorial Day Weekend Pool Party Tests Positive For Coronavirus ,2020-05-30 22:36:11+00:00
29,"If these protests lead sudden spikes in coronavirus, the right wing will suddenly become virus experts and start scolding the left. Although isn‚Äôt clear that the stay at home protests ever led to any spikes. That‚Äôs already long forgotten though.",2020-05-30 22:06:44+00:00
30,"‚ÄúWith restaurant closures due to #coronavirus, the seafood industry has been hit hard. The drop in demand has forced fishers to get creative in their methods. A new tool through the @uw has compiled info about where to find seafood in the form of a map.‚Äù",2020-05-30 22:00:57+00:00
31,"GOOD DOGS AS PUPPIES: Asia & Mia when they were puppies. #gooddog #lockdown #coronavirus #seattledogs #pnwdogs #stayhome #puppy #goodpuppy @Seattle, Washington https://www.instagram.com/p/CA0u-OFKbmp/?igshid=1k1dqjh8w94zx",2020-05-30 21:34:23+00:00
32,About 75% of Trump‚Äôs proposed coronavirus capital gains tax cut would go to the top 1% of earners #SmartNews,2020-05-30 21:16:04+00:00
33,"~1% of kids who visited a #Seattle hospital in April had been infected with novel coronavirus, according to first large-scale survey for antibodies in children. The study found most of the youngsters developed a robust immune response, an encouraging sign for a future vaccine.",2020-05-30 21:10:18+00:00
34,"Hillary didn‚Äôt work, impeachment didn‚Äôt work, coronavirus didn‚Äôt work... Which party would try and use a race war to remove Trump from office? Racism won‚Äôt work.",2020-05-30 21:05:22+00:00
35,Finally a vaccine for Covid19 is out . No more corona virus . . . . . #usa #covid19 #covid_19 #virus #vaccine #free #freedom #happy #likeforlikes #share #follow #instadaily https://www.instagram.com/p/CA04X8_JtVY/?igshid=70cdjwvtycsu,2020-05-30 21:03:39+00:00
36,"You've likely noticed the little boxes before, almost looking like a birdhouse for books. They're Little Free Libraries, and amid the coronavirus pandemic, they've been a more vital resource than ever for bolstering community reading. ",2020-05-30 20:55:19+00:00
37,"Nigeria‚Äôs Coronavirus Cases Exceed 9,000 .... ",2020-05-30 20:43:22+00:00
38,"Ghana‚Äôs Coronavirus cases have risen to 7,768 as of Saturday, May 30, 2020. The number of recoveries has also shot up to... ",2020-05-30 20:35:06+00:00
39,Coronavirus Impact: Opportunities For Businesses To Thrive And Explore New Territories ,2020-05-30 20:26:43+00:00
40,How is *your* coronavirus quarantine hair coming? Post your best shot or video and tag me. #coronavirushair #quarantinecuts https://www.instagram.com/p/CA00jKYAvkU/?igshid=1qvg7ukwyik5r,2020-05-30 20:26:09+00:00
41,Islamic Fundraising Group Claimed Coronavirus is Divine Justice From Allah https://gellerreport.com/2020/05/islamic-fundraising-group-claimed-coronavirus-is-divine-justice-from-allah.html/ via @pamelageller,2020-05-30 23:11:32+00:00
42,My 6yo: Are they going to cure the coronavirus? ,2020-05-30 19:58:47+00:00
43,"There have been no new cases among Premier League players and staff in the latest round of coronavirus testing, it has been confirmed. Details here: ",2020-05-30 19:49:46+00:00
44,Ghana behind only Germany in efficient management of Coronavirus ‚Äì MP ,2020-05-30 19:38:50+00:00
45,"About 1% of kids who visited a hospital in April had been infected with the coronavirus, according to the first large-scale survey for antibodies in children. The study also found most developed a robust immune response, a good sign for a future vaccine. ",2020-05-30 19:33:55+00:00
46,Ghana is very much ready should there be any reports of coronavirus.. I hope soo ,2020-01-30 23:44:14+00:00
47,Wuhan coronavirus leads to more premature scapegoating of #bats https://www.merlintuttle.org/2020/01/30/wuhan-coronavirus-leads-to-more-premature-scapegoating-of-bats/?fbclid=IwAR0COMnaPKDHCnkMLF5DKxhp5ZRnwUEnF59PV0XDH3btsSw8ydzUdyu7qxc,2020-01-30 23:36:34+00:00
48,@LuiCalibre thank you for hanging out with my for 10 minutes at #TwitchCon ...since we did that we should play games together. #FriendshipGoals #coronavirus,2020-01-30 23:12:18+00:00
49,Carrasco running from coronavirus like Suiiiiiii!! ,2020-01-30 22:42:31+00:00
50,my classes are over for the week might read a 50 page article on coronavirus for fun,2020-01-30 21:58:07+00:00
51,"Here is an AWESOME update on the Coronavirus. If you have any questions, or just want to stay educated, please read through this post. Stay safe! https://www.reddit.com/r/worldnews/comments/ewb1jk/coronavirus_is_declared_global_emergency_by_world/fg0x22x?utm_source=share&amp;utm_medium=web2x #CoronaOutbreak #coronarvirus",2020-01-30 21:30:53+00:00
52,You're welcome. I warned you for weeks that Big Shortsellers + #NotUncertain Investors were placing bets to protect their investments and profit from #CoronaVirus #COVID19 pandemic. #BuckleYourSeatbelts #TrayInUprightPosition #BraceForImpact,2020-02-28 23:40:47+00:00
53,#Agile investing: only way to protect + grow any investment. How? 24x7 gathering all information + then acting on it. Just like Big Shortsellers + #NotUncertain Crowd placing bets early Feb on #CoronaVirus #COVID19 to protect &amp; profit from the #pandemic.,2020-02-28 23:31:54+00:00
54,"Sorry to read #CoronaVirus stock plunge hit #CalPERS. I am, however, quite certain that #agile investing @CalPERS will be the rule under 5-yr plan. Since late Jan, early Feb I've posted how Big Shortsellers + #NotUncertain Investors made bets to profit &amp; protect from #COVID19. ",2020-02-28 23:09:44+00:00
55,"To all those wanting respirators, you can purchase them if you want them, just don't share them. You can purchase them at #HomeDepot, #Lowes, #AceHardware, #SherwinWilliams, http://Amazon.com and http://Uline.com are great choices. #BSafe #COVID19 ",2020-02-28 23:07:17+00:00
56,"Wells Fargo Investment Institute discusses the coronavirus, uncertainties about U.S. presidential elections, and market volatility. Here‚Äôs what you need to know: #COVID19 #investors http://voices.cf.socialware.com/zyavc19",2020-02-28 23:00:03+00:00
57,"Prior to joining the Allen Institute for #Immunology, bioinformatics analyst Richard Green worked in infectious diseases and published a preprint on #Covid19. Read paper: https://www.biorxiv.org/content/10.1101/2020.02.19.957118v1.full.pdf Learn more about our work: https://alleninstitute.org/what-we-do/immunology/",2020-02-28 22:59:19+00:00
58,"#COVID19 Is nothing 2 play around with. With a weakened immune system chances R challenging at best. B aware of those sneezing N coughing. Cough into ur sleeve, not ur hands, wash hands immediately. Don't use peoples keyboards, clean phones as well. Minimize sharing office equip. ",2020-02-28 22:58:06+00:00
59,@RampCapitalLLC @freezerohedge @realDonaldTrump Perfect. We need tax cuts! More consumption and lower taxes will cure #coronavirusus #COVID19 #MAGA. #trillionardeficitsdonotmatter @GOP,2020-02-28 21:48:44+00:00
60,We're sharing this message from @WADeptHealth. The best way to protect yourself against viruses like #COVID19 is to wash your hands! Visit https://www.doh.wa.gov/Emergencies/Coronavirus to learn more about our WA‚Äôs response to the #NovelCoronavirus,2020-02-28 21:14:52+00:00
61,This should be fun... We will spend the next week debating different estimates on the % of presumptive that will become confirmed. The level of trust for local PHAs vs. CDC will be tested at all levels and from all angles. #COVID19 ,2020-02-28 21:13:00+00:00
62,Follow @infodemicblog for easy ways to combat #coronavirus disinformation from WSU's Mike Caulfield. Here's a good one. #covid19 #COVID19US,2020-02-28 21:01:59+00:00
63,"SCOOP (#COVID19) via @washingtonpost's @JStein_WaPo &amp; @AshleyRParker: ""#Trump administration officials are holding preliminary conversations about economic responses to the #coronavirus.""",2020-02-28 20:58:25+00:00
64,"No wonder #H1B Predator Bob Iger took chairman escape pod. Not one word on #materialimpact of #CoronaVirus #COVID19 on #BoxOffice or parks from Disney $DIS, Warner Bros #WarnerMedia $TWX, Universal Pictures #NBCUniversal $CMCSA, Sony Columbia $SNE, and #Paramount #Viacom $VIA.",2020-02-28 20:45:16+00:00
65,"I just read the article, and it looks like the headline might be a bit disconnected from the article. The article gives good solid advice on how to avoid transmission of diseases, general, not specific COVID19.",2020-02-28 19:52:59+00:00
66,me: A life without you will be so exciting #covid19: Seriously?? May the Lord protect us,2020-02-28 19:35:38+00:00
67,This is a good summary for #coronavirus #COVID19 as well as #flu or any #epidemic,2020-02-28 17:46:13+00:00
68,The @GatesFoundation is committed to supporting the global response for #COVID19. We are investing in helping Africa &amp; South Asia respond as they work to save lives &amp; slow the spread. Let us all come together to accelerate vaccines &amp; treatment! ,2020-02-28 17:45:23+00:00
69,"Amazing startup in Singapore, Mirxes -doing their part to help the world to combat #COVID19 ! Love that @iadriantan and @wework Singapore team supports this great startup.",2020-02-28 17:36:49+00:00
70,Good summary from @NIAIDNews and @CDCgov leadership about where we‚Äôre at and where we need to go in the fight against #COVID19 ,2020-02-28 17:34:57+00:00
71,"This is like the Iranian press conference where the Deputy Health Minister kept looking like he was about to pass out, kept sweating profusely and needed to continually remove his glasses and wipe the sweat that was dripping down into his eyes. Next day - he has #COVID19.",2020-02-28 17:27:29+00:00
72,"A lesson from #COVID19 *is* that better, universal access to prevention, screening, and treatment help everybody! But this is just too far-reaching a statement. People will be unequally impacted AND we should strive to provide healthcare to everyone. ",2020-02-28 17:19:13+00:00
73,"#Coronavirus: Japanese woman tests positive for second time ""She first tested positive on 29 January and was discharged from hospital after recovering on 1 February, before testing negative on 6 February."" #COVID19 #Sars2 https://www.theguardian.com/world/2020/feb/27/japanese-woman-tests-positive-for-coronavirus-for-second-time via @guardian",2020-02-28 16:33:33+00:00
74,"Here, how about this: Trudeau is a moron, right? So is WA State gov Inslee. Trudeau hasn‚Äôt stopped travel from countries w outbreaks. Like Iran. A whole bunch of people in Vancouver w COVID19. The Seattle/Vancouver border is quite busy. It‚Äôs already here. FDA delayed tests.",2020-02-28 16:33:02+00:00
75,"#Coronavirus: Japanese woman tests positive for second time ""She first tested positive on 29 January and was discharged from hospital after recovering on 1 February, before testing negative on 6 February."" #COVID19 #Sars2",2020-02-28 16:31:57+00:00
76,via @NYTOpinion: Trump on #COVID19: It‚Äôs actually good for America; it‚Äôs a hoax perpetrated by the media and Dems; it‚Äôs no big deal; people should buy stocks; we‚Äôll get it all under control under a man who doesn‚Äôt believe in science. ,2020-02-28 16:30:02+00:00
77,Africa World Airlines continues to operate flights to Lagos with enhanced precautionary measures. Passengers departing from Lagos may experience additional screening. We urge passengers on flights that depart from Lagos to arrive at the airport early. #flyAWA #COVID19 ,2020-02-28 13:20:13+00:00
78,"This morning: @BothellHS will remain closed for a 2nd day in a row -- over concerns for #coronavirus - the closure and clean up is out of ""an abundance of caution"" - no confirm cases of #COVID19 http://bit.ly/2VqpgE3 #KOMONews",2020-02-28 12:27:00+00:00
79,"As others have already said, we see the novel coronavirus from Wuhan grouping with sampled SARS-related bat coronaviruses. We thank Professor Zhang and colleagues for amazingly rapid data sharing. A full interactive phylogeny of beta-CoV diversity is here: https://nextstrain.org/groups/blab/beta-cov¬†‚Ä¶pic.twitter.com/ozYLnFsF7o",2020-01-11 22:03:23
80,Well thanks for raising awareness about it.  Actually heard about the #CoronaVirus from you first so good lookin‚Äô out.,2020-01-18 19:13:33
81,RT SecAzar: I had an important call today with WHO Director General DrTedros about working together on a global response to the 2019 novel #coronavirus. HHSGov strongly supports preparedness and response work here in the U.S. and abroad.,2020-01-23 23:48:08
82,QAnon Supporters And Anti-Vaxxers Are Spreading A Hoax That Bill Gates Created The Coronavirus https://www.buzzfeednews.com/article/ryanhatesthis/qanon-supporters-and-anti-vaxxers-are-spreading-a-hoax-that¬†‚Ä¶ #tech #innovation #successpic.twitter.com/q43gNFUXSE,2020-01-23 23:16:13
83,"Fires in Australia and Coronavirus in Asia aren‚Äôt signs of the end of the world.

We‚Äôve been through worse.   We‚Äôre a remarkably hearty species.",2020-01-23 23:15:12
84,"Update: At least 27 people came in close contact with first Wuhan #coronavirus patient in U.S. ‚Äî and not all of them in Snohomish County.

Yesterday the figure was 16.

Officials had expected the number to grow.

http://bit.ly/37mwNGR¬†",2020-01-23 23:15:12
85,"@CDCDirector said at the @CDCgov @HHSGov presser, 
""It's really important [that] although we know a lot about SARS and we know a lot about MERS, we really don't know a lot about this new #coronavirus.... """,2020-01-28 23:52:44
86,LOTR is a unique cinematic triumph in that it combines epic storytelling and scenic vistas with wooden acting and pacing that makes one long for the Coronavirus.,2020-01-28 23:42:57
87,This is what your Lungs being drowned by your own bodily fluids looks like... #Coronavirus..... Coming From #Mexico.... Wake the Fuck Up America!! Fuck the #Caravans!,2020-01-25 23:39:27
88,Ghana is very much ready should there be any reports of coronavirus.. I hope soo,2020-01-30 23:44:14
89,Yannick Carrasco has always been one of my favorite footballers .. never understood why he went to Asia .. Thank God for Corona virus my boy is coming back,2020-01-30 23:43:18
90,"Wuhan coronavirus leads to more premature scapegoating of #bats
https://www.merlintuttle.org/2020/01/30/wuhan-coronavirus-leads-to-more-premature-scapegoating-of-bats/?fbclid=IwAR0COMnaPKDHCnkMLF5DKxhp5ZRnwUEnF59PV0XDH3btsSw8ydzUdyu7qxc¬†‚Ä¶",2020-01-30 23:36:34
91,"4000 New Cases in one day of the Supervirus. Wuhan is under quarantine!? WTH? We have a patient under quarantine at Everett, Washington Providence, Hospital. Grrrrrreat!
https://youtu.be/uuI9dsJdmy0¬†
#coronavirus",2020-01-22 23:56:19
92,"Update on Washington's #coronavirus case:

@SnoHD ID'd 16 people who were in close contact with the patient. He's still in good condition, and health officials keep investigating the illness. @kuow will folo.

They've set up a call center in Everett area: 425-388-5088.",2020-01-22 23:17:16
93,"The #Wuhan, China #coronavirus is all over the news, and it is important to know where to get the best information. We recommend visiting the @CDCgov website: http://ow.ly/EQQb50y2mro¬†pic.twitter.com/LejC5IhtL5",2020-01-22 22:55:04
94,"Gov. @JayInslee said ""based on what we know, risk to the general public is low"" + ""We want to make it clear: our teams are employing a layered approach to combat this. We have strong partnerships and a tiered public health system in place."" #coronavirus #wa #pnw #snohomishhttps://twitter.com/KING5Seattle/status/1219697214659760128¬†‚Ä¶",2020-01-21 23:10:23
95,"Key takeaways from the @WADeptHealth @CDCgov & @SnoHD 's briefing today: 
1. The risk of coronavirus in WA is low. 
2. The identified patient in Snohomish is in stable condition.
3. WA counties are making sure we're ready to respond, just in case. 

We've got your back, Auburn",2020-01-21 23:09:33
96,"NEW: Washington Gov. Jay Inslee gives details about first confirmed case of new coronavirus reported in U.S., praises ""rapid response"" by health authorities. https://www.facebook.com/ABCNews/videos/2580170475639099/¬†‚Ä¶",2020-01-21 23:05:00
97,"I‚Äôd like to thank @WaDeptHealth, @CDCgov and @SnoHD for their quick response to the novel coronavirus. 

Based on what we know now, risk to the general public is low at this time. 

My full statement: http://bit.ly/coronavirusWA¬†pic.twitter.com/EF82rY4hW1",2020-01-21 23:01:27
98,Coronavirus cases top 300 in China | NHK WORLD-JAPAN News https://www3.nhk.or.jp/nhkworld/en/news/20200122_08/¬†‚Ä¶,2020-01-21 22:55:11
99,"> The patient [...] lives in Snohomish County, Washington, just north of Seattle.
> He arrived at Seattle-Tacoma International Airport on January 15, before any health screenings for the Wuhan coronavirus began at US airports.

Should I stay at home?  https://twitter.com/cnni/status/1219734732243636227¬†‚Ä¶",2020-01-21 22:49:41
100,Local coronavirus patient who is being treated at Providence in Everett is in satisfactory condition and could go home in the next 48 hours. #KOMOnewspic.twitter.com/l9kaAEd4d3,2020-01-21 22:43:00
101,"@StephenKing @ARIYNBF @John_Henson  Just me or everyone, but when I hear about things like #ebola and #coronavirus I actually hope it happens like in The Stand. #jmoe",2020-01-21 22:41:25
102,"@A_Herrera11 
We‚Äôre safe from the coronavirus https://twitter.com/SportsBoi43/status/1219694216856711169¬†‚Ä¶",2020-01-21 22:41:13
103,"i would like some of the coronavirus, as a treat",2020-01-21 22:31:04
104,"The time we sort after is actually short.
For what its worth let it be worthy.
What is short is the time we sort after.
Let it be worthy for that's what it's worth...

#KobeRIP
#Capekumasiroad
#SpokenWord
#HolocaustRemembranceDay #coronavirus #NeverAgain
#art #poetry",2020-01-27 23:43:18
105,Local authorities relying on God's grace to screen Coronavirus. Our investigative journalist has more: https://twitter.com/KojoRodgers/status/1221934860933136385¬†‚Ä¶,2020-01-27 23:30:44
106,"Fuck, looks like it's been coronavirus outbreaks. 

Good thing I only drink Modelo, foo. pic.twitter.com/C9gyKzBzMT",2020-01-24 23:55:44
107,Asia beefs up coronavirus protections | NHK WORLD-JAPAN News https://www3.nhk.or.jp/nhkworld/en/news/20200124_49/¬†‚Ä¶,2020-01-24 23:40:00
108,I got the Coronavirus once from drinking hella Coronas dude! It was pretty fun tbh,2020-01-24 23:32:28
109,When you can‚Äôt afford protection for Coronavirus pic.twitter.com/lHYyq3mvZm,2020-01-24 23:30:33
110,"As public health officials work to respond to the Coronavirus in Washington, the number of contacts the patient came in close contact with rises to 50. https://auburnexaminer.com/washington-coronavirus-investigation-continues/¬†‚Ä¶pic.twitter.com/A0LGSZ5gv7",2020-01-24 23:19:08
111,"This week's edition of THE MEM EDGE with @MEMinvestments is now available on the @StockCharts YouTube channel. Today, Mary Ellen discusses a significant rotation taking place, the potential market impact of the coronavirus and more. https://youtu.be/-iRb2AJyzy8¬†",2020-01-24 23:16:08
112,Are we certain that K-Pop fans were not patient zero for the coronavirus?,2020-01-29 23:35:47
113,"Starbucks said it had intended to raise its full-year earnings guidance Tuesday, but uncertainty about China put that on pause. Starbucks said it has already closed more than half of its stores in China due to coronavirus.

https://komonews.com/news/local/starbucks-results-top-estimates-but-coronavirus-slows-sales¬†‚Ä¶",2020-01-29 23:33:00
114,"Obviously I know little about immunology, but we‚Äôre working on a #coronavirus vaccine, right?",2020-02-07 23:55:10
115,"Every other place on earth: #coronavirus detected? People quarantined, entire cities locked down, cruise ships parked offshore / off limits.

New Jersey:
‚Äúeh, fuggedabawhtit - c‚Äômon in, c‚Äômere gimme a hug!!‚Äù https://twitter.com/wallerABC7/status/1225738203510059009¬†‚Ä¶",2020-02-07 23:49:20
116,"I guess this has something to do with the Coronavirus originating in China and Seattle being a gateway to Asia. Anyway, good to hear this Illinois couple were recently treated and released. https://www.chicagotribune.com/news/breaking/ct-coronavirus-illinois-couple-released-hospital-20200207-d7daxrlihbbkldv3buxij4tepa-story.html?outputType=amp¬†‚Ä¶",2020-02-07 23:37:34
117,"*NEWSFEED*
 2 #Coronavirus patients suspected in Korle Bu hospital Ghana. 
Doctors and nurses on duty; run away...
GHANAIANS; https://twitter.com/Stirgdatguy/status/1218962135532867587¬†‚Ä¶",2020-02-08 23:39:19
118,"According to recent media report on the research done by the South China Agricultural University, pangolin could be the/a potential intermediate host of the #nCOV2019 novel #coronavirus transmission. 

A Chinese version of the report is available here: 
https://wenhui.whb.cn/third/baidu/202002/07/321744.html¬†‚Ä¶pic.twitter.com/AoooJ0bSYk",2020-02-08 23:35:14
119,Coronavirus: Are African countries¬†ready? https://africanewsnetwork.net/coronavirus-are-african-countries-ready/¬†‚Ä¶pic.twitter.com/TiI8oA336m,2020-02-08 23:31:12
120,"Is anyone going to say anything about how the super bowl is the perfect environment for the corona virus to spread. The entire country is represented in that building... Oh, and it's being broadcasted live for your viewing pleasure.",2020-02-02 23:45:34
121,"Should @CDCgov and @WHO synchronize recommendations for public's use of facemasks?

""Do not use facemasks"" - CDC
""Wear a mask, if you are coughing or sneezing"" - WHO

#askwho #askcdc @neil_ferguson @MRC_Outbreak #coronavirus
https://www.cdc.gov/coronavirus/2019-ncov/about/what-you-should-do.html¬†‚Ä¶
https://www.who.int/emergencies/diseases/novel-coronavirus-2019/advice-for-public/when-and-how-to-use-masks¬†‚Ä¶pic.twitter.com/b6eXdLG0hT",2020-02-06 23:50:06
122,t is now common to lurch from complacency to panic. A better way is to invest and prepare wisely before an outbreak gets out of control. What Questions Should Global Health Policy Makers Be Asking About The Novel Coronavirus? | Health Affairs https://www.healthaffairs.org/do/10.1377/hblog20200203.393483/full/#.XjiyjDcLw9Q.twitter¬†‚Ä¶,2020-02-03 23:53:57
123,Why the coronavirus might boost Trump‚Äôs reelection prospects http://marginalrevolution.com/marginalrevolution/2020/02/why-the-coronavirus-might-boost-trumps-reelection-prospects.html¬†‚Ä¶ // ugh. I fear he is right. #TrumpsAmerica,2020-02-03 23:46:43
124,"RT SecAzar: RT SecAzar: .SecPompeo and I in USATODAY on addressing the #coronavirus: We‚Äôre undeterred in our vigilance to protect Americans. And we‚Äôre mobilizing resources around the world to help other nations fight the disease, too. This is American al‚Ä¶ https://www.usatoday.com/story/opinion/2020/02/11/pompeo-azar-coronavirus-response-cdc-who-protects-americans-column/4712857002/¬†‚Ä¶",2020-02-15 23:41:04
125,"RT SecAzar: On Friday, the President‚Äôs Coronavirus Task Force briefed the Cabinet about our coordinated, whole-of-government response to the novel China #coronavirus. We continue to monitor the situation closely and have taken bold, decisive actions to h‚Ä¶ pic.twitter.com/sLnbvvxeHG",2020-02-15 23:41:03
126,"Keep on treating China like shit remember it just a matter of time,China will come out of this shit  soon and would be bigger and much stronger and Africans will come begging for loans be wise in your decision making as African leaders #coronavirus #ghana #china 
One love China",2020-02-11 23:52:57
127,Hundreds of Americans have returned home from China & been asked to stay away from others since the start of the 2019 novel #coronavirus outbreak. We can all do our part to be supportive neighbors. https://link.medium.com/XV0WryTh03¬†,2020-02-11 23:31:46
128,Coronavirus: Psychologists to calm nerves of Ghanaian students in China ‚Äì¬†Government https://ghafricnews.com/coronavirus-psychologists-to-calm-nerves-of-ghanaian-students-in-china-government/¬†‚Ä¶pic.twitter.com/tGu0557259,2020-02-19 23:26:41
129,RT SecAzar: Spoke earlier today with federal partners and leaders from throughout the healthcare system at the Healthcare System Leaders Listening Session about preparedness for #COVID19 and ways we can collaborate to enhance #HealthSecurity. #coronavirus pic.twitter.com/KBttkfdWA9,2020-02-19 23:24:27
130,Olympia woman tests positive for coronavirus after Diamond Princess cruise https://www.kiro7.com/news/local/olympia-woman-tests-positive-coronavirus-after-diamond-princess-cruise/GANWV7QEX5GQ3NOUYPQ6A52XIY/¬†‚Ä¶,2020-02-19 23:19:41
131,"""Today, supply chains are globally integrated like never before"" - @TomRaftery 

70% of the global supply of raw materials is controlled by #China
#economy #coronavirus #CoronavirusOutbreak #WuhanCoronavirusOutbreak #Wuhan #2019nCoV #COVID19https://twitter.com/TomRaftery/status/1228963365520912384¬†‚Ä¶",2020-02-16 23:49:02
132,"#GOP senator Tom Cotton suggests #coronavirus could've come from #Wuhan ""super lab"" 

#alerts #travel #health #CoronavirusOutbreak #WuhanCoronavirusOutbreak #China #2019nCoV #COVID19https://twitter.com/Newsweek/status/1229184571335376903¬†‚Ä¶",2020-02-16 23:41:05
133,"Saturday is World Pangolin Day. These little critters may be cute, but some scientists in China have preliminarily named the highly poached pangolin as the possible transmitter of coronavirus to humans. https://st.news/38nZRyp¬†",2020-02-14 23:28:59
134,"And so it begins, the #coronavirus early earnings warnings.

There will be more.  April-May post earnings season may not be so pretty...

https://reut.rs/2SUWHvl¬†",2020-02-17 23:41:29
135,"Happy President‚Äôs D. What a great day to get offended at a joke. 

#coronavirus #PresidentsDay2020 #ChinaWuHan #comedy #pandemic #savagepic.twitter.com/U2WoHyuhwj",2020-02-17 23:39:28
136,"It would be amusing to hear magats try to chant 
""Lock Novel Coronavirus up!""",2020-02-25 23:57:49
137,If only Trump would come in contact with the coronavirus in India. Then we could quarantine him or keep him out of the country.,2020-02-24 23:50:21
138,How safe do you feel with this GOP  president making decisions about the Coronavirus ... I'm  not feeling so safe. https://twitter.com/kylegriffin1/status/1232057726039138306¬†‚Ä¶,2020-02-24 23:40:21
139,"38% of Americans think that they can get the coronavirus by drinking Corona beer.  

These same people like to attend Trump rallies. https://twitter.com/realDonaldTrump/status/1233517271110180864¬†‚Ä¶",2020-02-28 23:55:02
140,"Some say that Coronavirus is airborne, Lindsey. Just sayin‚Äô. Enjoy the crowd.",2020-02-28 23:53:12
141,NEW: @spokanehealth confirms 4 #coronavirus patients in #Spokane were on the quarantined Diamond Princess cruise ship in Japan.,2020-02-21 23:39:41
142,Your man run from coronavirus come dey enjoy Ghana dey dance  https://twitter.com/dancegodlloyd/status/1230966563605491718¬†‚Ä¶,2020-02-21 23:29:56
143,CORONAVIRUS: 3 MUST DO'S To PROTECT Yourself https://youtu.be/2kZDor7Npi4¬† via @YouTube,2020-02-22 23:50:04
144,"Toronto couple freed from coronavirus cruise ship quarantine, now back in Canada 
- 47 Canadians on board the Diamond Princess tested positive for #COVID19 #Coronavirus
http://bit.ly/2HPfljs¬†",2020-02-22 23:37:00
145,Coronavirus lays bare all the pathologies of the Trump administration https://www.washingtonpost.com/opinions/2020/02/26/us-coronavirus-response-shows-costs-having-chaos-president/¬†‚Ä¶,2020-02-26 23:59:00
146,"President Trump taps VP Mike Pence to lead U.S. response to coronavirus, says risk to Americans 'remains very low' -- Yahoo News",2020-02-26 23:58:41
147,Have to wonder how many private pharmaceutical companies are working separately and in competition with each other to develop solutions to #coronavirus. What if they all pooled their knowledge and resources to work together for the good of humanity?,2020-02-27 23:55:28
148,If the coronavirus hits the US we‚Äôre fucked. Maybe it gets no farther than #trump,2020-02-23 23:51:44
149,If we are all lucky we will die of coronavirus before the elections. I can‚Äôt bear to see trump win again,2020-02-23 23:39:22
150,RT @mioana: The evidence is becoming clearer and clearer: it is the #coronavirus itself rather than government-mandated lockdowns that expl‚Ä¶,Sat Jun 13 07:51:44 +0000 2020
151,"Forgot chart yesterday.
Top 5 US States

NY +736 increase
NJ +470 decrease 
CA +3090 increase
IL +766 increase 
MA‚Ä¶ https://t.co/Oz2mKedR9m",Sat Jun 13 08:18:19 +0000 2020
152,RT @Abocco: We litter #Ghana too much and we need to practice better communal hygiene. If we dont do that more &amp; better due to this covid #‚Ä¶,Sat Jun 13 08:21:27 +0000 2020
153,RT @kamanimarie058: Due to #COVID19 aka #Coronavirus Ill be sending the first 700 people to like &amp; retweet this $300 -$1500 through CashApp‚Ä¶,Sat Jun 13 08:40:08 +0000 2020
154,"RT @AutoRaja1212: Another BJP MP and Karnataka state ministers showing their solidarity for #coronavirus are captured in these photos üôÑ

A‚Ä¶",Sat Jun 13 09:04:54 +0000 2020
155,"RT @JNJNews: When Dr. Ed Kuffner, CMO, Consumer, #JNJ, returned to the frontlines to treat #COVID19 patients, he didn‚Äôt realize the impact‚Ä¶",Sat Jun 13 09:53:55 +0000 2020
156,"RT @DreamsFootballC: Ghana's #COVID19 case count. üò¢

Hello Ghanaians, üôè We can't afford to take chances let's stay safe out there and obser‚Ä¶",Sat Jun 13 10:03:24 +0000 2020
157,"RT @tabi_henry: #DoYouKnow

70 Doctors, 148 Nurses and 17 Midwives have so far tested positive for #COVID19 in Ghana ...and the gov thru th‚Ä¶",Sat Jun 13 10:05:46 +0000 2020
158,We have various home and office delivery options available just for you. #staysafe #covid19 #RaqeemGhana‚Ä¶ https://t.co/eaBZbQyZde,Sat Jun 13 10:15:14 +0000 2020
159,RT @Haman_Ten: Iranian drug #ReciGen has been successful in treating 172 #COVID19 with 100% success (in combination with antiviral therapy)‚Ä¶,Sat Jun 13 10:15:10 +0000 2020
160,"RT @Ironhorse76: Let's get this show on the road!  FOLLOW ALL WHO: 

LIKE 
RT
COMMENT 

Nov will soon be upon us &amp; the #OrangeShitGibbon mu‚Ä¶",Sat Jun 13 09:54:32 +0000 2020
161,RT @GaSecofState: Thank you to the @Macon_Chamber for inviting me to discuss the impact #COVID19 has had on the business community. I look‚Ä¶,Sat Jun 13 10:25:41 +0000 2020
162,RT @KAgbodza: What is the name of that ‚Äògreat Ghanaian scientist‚Äô who told us Ghana‚Äôs #COVID19 peaked at 3000? That was just about a month‚Ä¶,Sat Jun 13 10:26:25 +0000 2020
163,RT @sarkodie: You guys got me on @JumiaGhana and I‚Äôm hooked üòäüëåüèæ ... perfect way to shop without stepping out ... very essential in these #C‚Ä¶,Sat Jun 13 10:28:02 +0000 2020
164,"RT @TheIsraelLaryea: #COVID19 case count in Ghana now at 11,118 confirmed, 3,979 recoveries and 48 deaths.

Your mask should always cover y‚Ä¶",Sat Jun 13 10:28:18 +0000 2020
165,"RT @sanchezcastejon: Spain is coleader in initiatives such as the ACT-Accelerator to achieve equitable access to vaccines, treatments and d‚Ä¶",Sat Jun 13 10:14:30 +0000 2020
166,"The Akufo-Addo government said Ghana‚Äôs #COVID19 had peaked when our positive case count hit 3,000 or thereabout. To‚Ä¶ https://t.co/ldXvB8F4MM",Sat Jun 13 10:50:34 +0000 2020
167,"RT @paschal2k2: Very soon COVID-19 case in Nigeria will reach 2 million, yet every body is fine üòÇüòÇüòÇüòÇ

#NCDC #COVID19",Sat Jun 13 09:57:01 +0000 2020
168,RT @HorseRacingTurf: Nothing beats the feeling of sleeping and waking to money. It helps keeps you happy and organizes your day. That's wha‚Ä¶,Sat Jun 13 09:59:15 +0000 2020
169,"RT @jagyenim: The Akufo-Addo government said Ghana‚Äôs #COVID19 had peaked when our positive case count hit 3,000 or thereabout. Today, it‚Äôs‚Ä¶",Sat Jun 13 11:11:40 +0000 2020
170,"RT @pksomuahgh: Call them and they will answer. It's their duty to humanity in these times. 
We appreciate you warriors against #COVID19 
@‚Ä¶",Sat Jun 13 11:18:40 +0000 2020
171,"RT @Adhd_Ghana: ""#COVID19 has led to a redirection of health resources away from reproductive/women‚Äôs health, &amp; school closures have led to‚Ä¶",Sat Jun 13 11:23:20 +0000 2020
172,"RT @priyadamini24: #Thread üßµ 

As India‚Äôs #COVID19 tally inches towards the 3 lakh mark, here is a thread of IMPORTANT CRUCIAL THINGS THE G‚Ä¶",Sat Jun 13 09:52:50 +0000 2020
173,"RT @UNICEF: ‚úã ""Tadaaaaaa!"" ü§ö

Two-year-old Natalie shows us how fun handwashing can be at her home in South Sudan as she protects herself f‚Ä¶",Sat Jun 13 10:42:18 +0000 2020
174,"RT @MileyCyrus: Spain, you united in solidarity with Black Lives Matter in the US. We must keep standing together to tackle #COVID19 and it‚Ä¶",Sat Jun 13 09:52:29 +0000 2020
175,"RT @RT_com: New cluster of #COVID19 cases linked to #Beijing food market prompts 'wartime-like‚Äô measures 

https://t.co/pA4WQv77ij",Sat Jun 13 09:52:37 +0000 2020
176,RT @usairforce: Welcome home! 389th Fighter Squadron Amn returned from a deployment that got extended by 2 months due to #COVID19. They fle‚Ä¶,Sat Jun 13 11:51:53 +0000 2020
177,Got a chance to shoot my amazing dance teacher as a part of this series. Mabinty has spent her whole life performin‚Ä¶ https://t.co/Y7faBQAIxp,Sat Jun 13 12:52:49 +0000 2020
178,RT @MutomboDaPoet: Cleanliness is going to be the next big thing. Not just with hotels but also with outdoor spaces.,Sat Jun 13 12:59:28 +0000 2020
179,RT @NMCGH_Official: More organizations support @mohgovgh to fight #COVID19 . Thank you to @operationsmile and Yutong Ghana for the donation‚Ä¶,Sat Jun 13 13:13:14 +0000 2020
180,This is going to be a completely different summer for all of us. We must protect ourselves first while venturing ou‚Ä¶ https://t.co/9al9bX2Glb,Sat Jun 13 13:20:44 +0000 2020
181,RT @Adhd_Ghana: You can still send us your contributions and questions. The discussion for today has been #COVID19 and #TeenagePregnancies.‚Ä¶,Sat Jun 13 13:22:24 +0000 2020
182,"RT @AdrianaPanayiMD: Fresh off the press!! In our recent letter to @ASJrnl we describe the Space, Equipment, Expertise approach that #plast‚Ä¶",Sat Jun 13 13:26:39 +0000 2020
183,"RT @briebriejoy: I empathize with the sense of urgency, but shaming doesn‚Äôt work. 

Another strategy is to push Biden to support policies l‚Ä¶",Sat Jun 13 10:24:48 +0000 2020
184,RT @Endocrine_News: Advocacy From a Distance - @TheEndoSociety continues advocate for #endocrine science &amp; practice. From #transgender heal‚Ä¶,Sat Jun 13 13:34:15 +0000 2020
185,"RT @Jumia_Group: Delivering Happiness: Check ‚úî 
Safety Measures: Check ‚úî

#Covid19 #Contactless #StaySafeWithJumia #StrongerTogether https:‚Ä¶",Sat Jun 13 13:40:22 +0000 2020
186,coronavirus didn't go away just bc they are opening shit. Think of your neighbor like the good Christian you think‚Ä¶ https://t.co/gOwil5JHnS,Sat Jun 13 14:09:31 +0000 2020
187,"@esmyjimenez @AmyRadil The protest are great, but they've accomplished more than a demand for equality. They mooted‚Ä¶ https://t.co/dxhIldMbfY",Sat Jun 13 14:15:39 +0000 2020
188,"Hello everyone please support my friend with the business she just started , she's located in Jhb 
#Parklands‚Ä¶ https://t.co/rJ34vauQ3v",Sat Jun 13 14:24:49 +0000 2020
189,@GovRonDeSantis @EducationFL Hi Florida. Enjoy what's left of your lives. #COVID19 #COVIDIOTS https://t.co/wGdM9b2kja,Sat Jun 13 14:25:54 +0000 2020
190,Pretty sure New Zealand did the same,Sat Jun 13 14:28:07 +0000 2020
191,"If I merge a pill for Corona hangover and another pill against the flu, it's not going to cure coronavirus ?",2020-03-02 23:58:50
192,"Most are aware of the recent news surrounding the coronavirus in Washington. We want to be prudent about potential impacts this may have on members of our wider community. 

So, we have decided to move our open house to Thursday, June 25th.
https://www.facebook.com/events/1717370105070099/¬†‚Ä¶",2020-03-02 23:57:30
193,I was trying to find something about the Coronavirus to retweet... but it seems every post has something about Trump in it so I give up.,2020-03-02 23:57:06
194,"""Hello, yes I'd like one coronavirus please? No, I don't want to go on living anymore. Yeah, it was that video. The hot dog waffles, yeah."" https://twitter.com/AnthonyMKreis/status/1233424272212795392¬†‚Ä¶",2020-03-02 23:50:38
195,"As the Coronavirus continues to make headlines, WWPS developed a website specifically for sharing COVID-19 information. Visit the site to learn about the proactive steps WWPS is taking to keep students, staff and visitors healthy and safe. http://ow.ly/lR9L50yB0BS¬†pic.twitter.com/byHKPfAxGn",2020-03-02 23:49:33
196,So when will the stories of #Avengers show up in real life....#coronavirus drops and we've not seen our super heros fighting it.,2020-03-01 23:58:29
197,Trying to figure out a good way to talk to your young child about the coronavirus without freaking them out? Here‚Äôs a link to a great cartoon with some great advice in a kid friendly format. https://www.npr.org/sections/goatsandsoda/2020/02/28/809580453/just-for-kids-a-comic-exploring-the-new-coronavirus?utm_term=nprnews&utm_campaign=npr&utm_source=facebook.com&utm_medium=social¬†‚Ä¶,2020-03-01 23:56:15
198,"So, remember that song Venga Bus? Well, replace that with coronavirus ,and that's what we should all be dancing to now.

The c'ronoavirus is comin'... the c'ronavirus is comin'...",2020-03-01 23:54:31
199,"The seasonal flu is much more widespread and kills/hospitalizes many more people per year (as far as we know). If you weren‚Äôt avoiding busses and the like due to the flu, probably no need to avoid them over coronavirus. Especially with more people taking precautions.",2020-03-01 23:51:10
200,"Slowdown. Covid doesn't cause nausea? Hell. It's the flu on easy mode. Except for the 3,400% greater mortality rate. 

It's fiiiiiiine. We're gonna be fiiiiiiine. 

https://www.reddit.com/r/China_Flu/comments/fbt49e/the_who_sent_25_international_experts_to_china/?utm_medium=android_app&utm_source=share¬†‚Ä¶
#CoronaVirusUpdate #coronavirus",2020-03-01 23:46:25
201,Info on Covid-19 daily report.. most accurate info i have seen to date #coronavirus @realDonaldTrumphttps://www.youtube.com/watch?v=4InhmRCIpow¬†‚Ä¶,2020-03-06 23:59:33
202,"#COVID„Éº19 update; 
More ppl are recovering than dying. That‚Äôs a good thing. 
#coronavirus pic.twitter.com/IAZwWZnYI4",2020-03-06 23:58:40
203,"RT SecAzar: RT sendavidperdue: Honored to be with President realDonaldTrump today as he visits the Atlanta-based CDCgov. The CDC has a critical role in combating #coronavirus, and I‚Äôm proud of the work they do every day to keep Americans safe.",2020-03-06 23:56:29
204,"I‚Äôm not loving the #coronavirus threat. But I did just save the daily commute. 
Now I can procrastinate on my work from the comfort of my home pic.twitter.com/ROvdrh8AXI",2020-03-06 23:56:22
205,"We made it to the weekend  what‚Äôs one thing you‚Äôre stoked on right now?? leave a comment & let me know.
For me, in the midst of the coronavirus outbreak in Seattle this week, I deep cleaned my house (and my hands). It feels so good to head into the‚Ä¶ https://ift.tt/2xfqBU1¬†pic.twitter.com/QuYijw8Ici",2020-03-06 23:54:20
206,"#COVID„Éº19 update; 
The good thing is more ppl are recovering than dying. 
#coronavirus pic.twitter.com/ZTzvnoJdzn",2020-03-06 23:53:08
207,How to protect yourself from Coronavirus pic.twitter.com/BTtILTb8QC,2020-03-04 23:55:38
208,"Due to Coronavirus, Boeing says it's
* Focusing company travel to business-essential activities
* Rescheduling certain events
* Reducing face-to-face meetings in favor of virtual 
* Enabling telecommuting
* Encouraging employees to take all appropriate health and safety measures",2020-03-04 23:54:19
209,Wow you are coming to Seattle? Awesome! Make sure you buy a refundable air ticket though as the Corona virus is starting to impact daily life out here.,2020-03-04 23:53:39
210,How to protect yourself from Coronavirus pic.twitter.com/UUrebKz9WE,2020-03-04 23:50:59
211,How to protect yourself from Coronavirus pic.twitter.com/zN4qSB7AUq,2020-03-04 23:50:39
212,"Calif. Man with Coronavirus Says It's Easier Than a Cold, Shows Trump Was Right About Not Panicking https://www.westernjournal.com/calif-man-coronavirus-says-easier-cold-shows-trump-right-not-panicking/?utm_source=Twitter&utm_medium=PostTopSharingButtons&utm_campaign=websitesharingbuttons¬†‚Ä¶",2020-03-03 23:59:53
213,"Considering the nine #coronavirus cases in British Columbia, I reached out to @CBP to see if there are any extra #coronavirus screening measures at WA's 13 US/Canadian crossings, esp. Peace Arch. Was told that there should be an announcement about this coming soon.",2020-03-03 23:54:11
214,"An employee working at CenturyLink Field during a recent XFL game tested positive for novel #coronavirus, King County authorities said. http://via.q13fox.com/2MqOx¬† #Q13FOX",2020-03-05 23:59:39
215,"One great way to pick up the coronavirus, Geraldo, is to be a lickspittle.",2020-03-05 23:59:25
216,"#ImMadAsFluck that even during this #coronavirus outbreak my boss still be like ""but you coming into work today right?...."" 
#adulting #bossesbelike #CoronaVirusSeattle #COVID19",2020-03-05 23:57:54
217,"As coronavirus spreads, King County recommends companies allow employees to work remotely when possible https://www.seattletimes.com/seattle-news/health/as-coronavirus-spreads-king-county-recommends-avoiding-large-groups-working-remotely-when-possible/?utm_source=twitter&utm_medium=social&utm_campaign=article_inset_1.1¬†‚Ä¶ via @seattletimes .@miserablelib .@jimmy_dore",2020-03-05 23:57:49
218,Working on the website for Laser LARP. Trying to avoid coronavirus in Seattle when my S.O. works with the public all day. Planning the last last ep of my #ttrpg.,2020-03-05 23:57:27
219,"Interesting, sociologically and economically, how #coronavirus is changing human behavior. We're cocooning and watching more Netflix.  $NFLX #stockmarket #investing @SeekingAlphahttps://seekingalpha.com/news/3548550-imperial-sees-virus-proof-netflix-adding-users¬†‚Ä¶",2020-03-05 23:57:11
220,north korea is fr handling the coronavirus better than us,2020-03-05 23:56:32
221,"More local coronavirus updates: 

‚Äî Everett Community College student tests positive; NWAC basketball tourney at EvCC cancelled
‚Äî Stanwood Senior Center closed to the public

The latest: http://ow.ly/T94J50yEfTq¬†",2020-03-05 23:55:22
222,Mick Mulvaney says media covering coronavirus because they think it will 'bring down' Trump https://www.usatoday.com/story/news/politics/2020/02/28/mick-mulvaney-says-media-hopes-coronavirus-bring-down-trump/4907058002/¬†‚Ä¶ via @usatoday,2020-03-08 23:55:11
223,"And Ivanka is working day & night to cure the Coronavirus, !  @MTerryScrnwrtr @holachola @therealwombat1 @wolflayla420 @CJ_isnowblue @MapleTommy @Nitemists @karenamyatt @lilsun83 @cm_merlin @DearAuntCrabby @HanianEmpress @Cruellaisdevine @HillBeverlyhillpic.twitter.com/IJuoUji5PT",2020-03-08 23:52:53
224,"Trump Claims He Has The Perfect Plan To Deal With Coronavirus, But Won‚Äôt Say What It Is https://flip.it/L-bWxW¬†",2020-03-08 23:50:50
225,"gotta say, after seeing all this #stockmarketcrash and #coronavirus and everything else on my feed today, this is a refreshing change.. it is actually freakin' hilarious, love it!",2020-03-09 23:57:01
226,"What are early symptoms? When will same-day testing be available? How many test kits are already available? 

We're answering your questions about the #coronavirus outbreak. http://bit.ly/2wH6he8¬†",2020-03-09 23:55:34
227,Johns Hopkins  coronavirus map is where I go.  I do not have a link but easy to find in Google,2020-03-09 23:55:23
228,"In an abundance of caution, I won‚Äôt be doing any of the things that I didn‚Äôt feel like doing or thought would be remotely difficult to do today. #coronavirus #seattle",2020-03-09 23:55:04
229,"NEW: Washington elections officials say turnout in Tuesday's presidential primary is set to surpass turnout from four years ago, despite some dampening of momentum from candidates dropping out and the novel #coronavirus. More from @svalicea.  https://www.knkx.org/post/high-turnout-expected-washington-presidential-primary¬†‚Ä¶ #waelex",2020-03-09 23:54:18
230,"2020 appears to be a good year to get married on a low budget. A short guest list, smaller space for reception party. #coronavirus",2020-03-11 23:57:56
231,"Support local bookstores, during #coronavirus and ALWAYS!  https://twitter.com/YALLWEST/status/1237861506378686472¬†‚Ä¶",2020-03-11 23:57:17
232,Looks like this NY strip club isn‚Äôt taking any chances against the coronavirus lol https://twitter.com/Sixfever/status/1237853292392148992¬†‚Ä¶,2020-03-11 23:57:12
233,Kotoka better prepared for coronavirus than Heathrow ‚Äì British cabin crew member https://ghafricnews.com/kotoka-better-prepared-for-coronavirus-than-heathrow-british-cabin-crew-member/¬†‚Ä¶pic.twitter.com/Ob9YPvkt3g,2020-03-11 23:56:32
234,"The triumphalist bravado of some online Catholics regarding Church and coronavirus is really helping separate the REAL #ProLife movement from the mere anti-abortionists.

Protecting the dignity of human life means not infecting your neighbors in your flawed pursuit of holiness.",2020-03-10 23:59:47
235,In other words we get cure for coronavirus,2020-03-10 23:58:36
236,"THIS 
IS 
BULLSHIT

You *have* to report coronavirus positives to Public Health. 

When a patient tests positive, INCLUDING AT ALL PRIVATE HOSPITALS AND LABS, the information HAS to be passed on to health officials. There are many channels in place to do so. 

This fuggin' guy.",2020-03-10 23:57:12
237,Great update re: #Broadway w/r/t #coronavirus by @vulture's @McHenryJDhttps://www.vulture.com/2020/03/broadway-shows-nyc-ticket-prices-coronavirus.html?utm_source=tw&utm_medium=s1&utm_campaign=nym¬†‚Ä¶,2020-03-10 23:56:06
238,day 3 of coronavirus-induced work from home: it's my birthday! also it's nearly 5pm and i have not seen a human being all day.,2020-03-10 23:54:42
239,"In uncertain times like these, remember the beauty of our countries and how important it is to protect everyone‚Äôs health.  @AlexandraHainsW
#australia #health #coronavirus #beauty #coronavirus #besafe #behealthy #takeprecautions #bewary #unselfish #altruism #healthynationpic.twitter.com/QJqwntidpx",2020-03-13 23:59:25
240,"Truly honored to have @rumiiVR highlighted in this @Reuters article by @ArriTheWriter & @AkankshaRanaa as analysts say remote work apps like #rumii will be our new normal. 

Download our #VR platform for FREE

#coronavirus
#COVID19
#TheVRCEO
https://mobile.reuters.com/article/amp/idUSKBN21033K?__twitter_impression=true¬†‚Ä¶
adoption",2020-03-13 23:57:54
241,Pornhub offers free premium service in Italy to ease coronavirus pains https://nypost.com/2020/03/13/pornhub-offers-free-premium-service-in-italy-to-ease-coronavirus-pains/?utm_source=twitter_sitebuttons&utm_medium=site%20buttons&utm_campaign=site%20buttons¬†‚Ä¶,2020-03-13 23:57:44
242,"Cybercriminals taking advantage of the coronavirus pandemic in multiple malware campaigns, including the new ransomware in the news this week. https://twitter.com/MsftSecIntel/status/1238601010538397696¬†‚Ä¶",2020-03-13 23:57:03
243,"Yeah we could have halted at least delayed the COVID-19 Coronavirus from entering our country by restraining any form of international transportation for a reasonable period of time just like any other country is doing now.

 But I know my country and it's leaders...

1/3",2020-03-12 23:59:22
244,"Coronavirus is here..No more puff and pass. 1 man, 1 roll. Be safe out there",2020-03-12 23:58:53
245,"Watch trump go golfing this weekend.

#coronavirus",2020-03-12 23:58:33
246,"No matter how strong the corona virus is it shouldn't try the northern part of Ghana ,the sun alone go deal with am, so my dear Uds students you are safe ,focus on your books and stop yelling close down the school 
@UDS_360 @udssrc18",2020-03-12 23:57:57
247,"Tim Eyman, who's trying to parlay his years of success gutting services for poor people (like public transportation) into becoming the Republican candidate for governor, held an event yesterday to help further the spread of the coronavirus.
https://www.thestranger.com/slog/2020/03/15/43159127/tim-eyman-continues-to-be-an-unbelievable-piece-of-shit?cb=cf29d0c2f01b4d9f8281a88493744eae¬†‚Ä¶",2020-03-15 23:59:12
248,"This guy wanted to solve an issue and he was like lemme clear the air first. What does he wanna clear from the air? 
Corona Virus anaa?",2020-03-15 23:58:04
249,The media talking about Coronavirus like https://youtu.be/3TZ3IlGlNEM¬†,2020-03-15 23:57:41
250,"Do you know that if Corona Virus wasn't a pandemic, these politicians would just fly their families to safe countries and leave us behind? S…õ sie ara b…õbiaa nny…õ safe nti y…õ ne mo aa n'atimu
@iamNotime
@cobby__jones
@iamamamcbrown1
@dkbghana Africa Politics",2020-03-15 23:57:27
251,"A clinical trial evaluating a vaccine designed to protect against the new coronavirus will begin Monday in Seattle, according to a government official.

https://komonews.com/news/coronavirus/government-official-coronavirus-vaccine-trial-starts-monday-in-seattle¬†‚Ä¶",2020-03-15 23:56:20
252,An Amazon worker at the Queens distribution facility is in quarantine after testing positive for coronavirus. https://www.huffpost.com/entry/amazon-worker-coronavirus-queens_n_5e738251c5b6eab779436bc5?ncid=engmodushpmg00000004¬†‚Ä¶ via @HuffPost,2020-03-19 23:59:23
253,Can we get free cable because of coronavirus @Xfinity,2020-03-19 23:58:03
254,"https://www.cnbc.com/2020/03/19/coronavirus-crisis-trumps-argument-for-reelection-is-collapsing.html¬†‚Ä¶

""Trump's economy"" is done. This over reaction from the coronavirus is going to have long lasting implications and impacts.

Trump's fight against socialism? He's advocating a stimulus package. Keynes socialism. 

God's mercy, is it done?",2020-03-19 23:57:51
255,Possibly my most valuable possession right now #N95 #HealthCareWorker #coronavirus  pic.twitter.com/h45JXgur1W,2020-03-21 23:59:41
256,"https://www.conservativeinstitute.org/conservative-news/malaria-drug-new-coronavirus.htm?utm_source=rss&utm_medium=rss&utm_campaign=malaria-drug-new-coronavirus¬†‚Ä¶
Research suggests anti-malaria drug could be effective treatment for new coronavirus
he enrolled 40 patients, again, a well-controlled peer-review study‚Ä¶showed a 100% cure rate against [the] coronavirus,‚Äù",2020-03-21 23:59:22
257,"I'm super excited that the release of Half-Life: Alyx is less than two days away now. (In my biased opinion, I think it's really freaking good.) But, it is a bummer that, because of the coronavirus, we can't all be together as a company to celebrate on Monday.",2020-03-21 23:58:07
258,"ALLAH is simply amazing. 
He knew He would send Coronavirus to us, someday. HE knew that not all of us could afford sanitizer so he made it easier for both the rich and poor to use soap and water to combact the virus.",2020-03-21 23:57:04
259,"""FDA authorizes first rapid ‚Äòpoint-of-care‚Äô test for coronavirus"". Results can be delivered in 45 minutes. https://www.seattletimes.com/nation-world/fda-authorizes-first-rapid-point-of-care-test-for-coronavirus/¬†‚Ä¶",2020-03-21 23:56:04
260,Why is the administration allowing suspected #CoronaVirus cases to stay in @UnivofGh hostels knowing that the students left in a rush and left their things (including myself). The admin and government is never transparent with us. How are we going to be compensated for this??,2020-03-21 23:55:08
261,"Here‚Äôs what we learned about coronavirus today: Trump closes borders, New York locks down https://nypost.com/2020/03/20/todays-coronavirus-update-trump-closes-borders-new-york-locks-down/¬†‚Ä¶",2020-03-20 23:59:52
262,Let them eat coronavirus: Trump says wealthy getting tested first is just 'the story of life' https://www.dailykos.com/story/2020/3/18/1928719/-Let-them-eat-coronavirus-Trump-says-wealthy-getting-tested-first-is-just-the-story-of-life¬†‚Ä¶,2020-03-20 23:59:36
263,"The government is never serious about fighting the coronavirus .
Citizen of Ghana shoulders protect themselves either",2020-03-20 23:59:06
264,Trump Officials Warned of Coronavirus Economic Impact Before Senators Sold Off Their Stock https://www.thedailybeast.com/trump-officials-warned-of-coronavirus-economic-impact-before-senators-sold-off-their-stock?source=twitter&via=desktop¬†‚Ä¶,2020-03-20 23:58:57
265,"Aaaah but u too wossop...Do u know what confidentiality is???..
How many Coronavirus patients has the USA Government shown to u...",2020-03-20 23:57:19
266,Ivanka Trump Returns To Work At WH After Coronavirus Test Comes Back Negative https://dailycaller.com/2020/03/20/ivanka-trump-tests-negative-coronavirus/¬†‚Ä¶ via @dailycaller,2020-03-20 23:56:35
267,For me I think it‚Äôs the best time for some musicians to release  some good music even tho the coronavirus takes most of the attention now people indoors could vibe with some good songs,2020-03-20 23:56:13
268,"Engage in distraction free living during this rare break in your routine. Be mindful about how you spend your time - this is a great opportunity for reflection, growth, and improvement, if you can be mindful of your time. #coronavirus #mindful #remoteworking",2020-03-18 23:59:44
269,"Trump Leaves States to Fend for Themselves While Patting Himself on The Back
#coronavirus
https://www.theatlantic.com/ideas/archive/2020/03/america-has-never-had-50-state-disaster-before/608155/¬†‚Ä¶",2020-03-18 23:59:23
270,"Since the campaign has come to a bit of a halt due to the Corona virus, why isn‚Äôt the MSM interviewing  our dem candidates daily and putting  them on tv as much as you put trump on giving him a billion of free advertisement when he was running? Give them airtime!",2020-03-18 23:58:46
271,Excellent and timely article for parents suddenly home with kids. #coronavirus #Quarantinehttps://twitter.com/aetiology/status/1240423688110927872¬†‚Ä¶,2020-03-18 23:58:16
272,"Naomi Klein and Jeremy Scahill Discuss Coronavirus, the Election, and Solidarity in the Midst of a Pandemic #interceptedWithJeremyScahill
https://podplayer.net/?id=99165090¬† via @PodcastAddictpic.twitter.com/8U55y9X0qC",2020-03-18 23:56:51
273,"Read a fun comic exploring the concept of Coronavirus!
https://n.pr/2Q6hICR¬†",2020-03-18 23:56:33
274,Two friends just contracted #coronavirus unknowingly and have to self-quarantine. We took him groceries and left them outside the door. We live in a rural area. Be safe everyone.,2020-03-17 23:59:55
275,"Pretty sky over #SnoqualmiePass this evening. I'm looking ahead at when rain returns and we have full updates on the Coronavirus situation today on @KIRO7Seattle now. #wawx 
Live News: http://kiro.tv/LiveNews¬†pic.twitter.com/6GAGrxYu5C",2020-03-17 23:56:40
276,Some Bay Street businesses to get a welcome boost during the coronavirus fallout. https://www.kitsapdailynews.com/news/abadan-samadpour-to-waive-rents-for-hard-hit-bay-street-businesses/¬†‚Ä¶,2020-03-16 23:59:04
